DriverNumber,BroadcastName,Abbreviation,DriverId,TeamName,TeamColor,TeamId,FirstName,LastName,FullName,HeadshotUrl,CountryCode,Position,ClassifiedPosition,GridPosition,Q1,Q2,Q3,Time,Status,Points,EventName
44,L HAMILTON,HAM,hamilton,Mercedes,00d2be,mercedes,Lewis,Hamilton,Lewis Hamilton,,,1.0,,,0 days 00:01:22.043000,0 days 00:01:21.014000,0 days 00:01:20.486000,,,,Australian Grand Prix
77,V BOTTAS,BOT,bottas,Mercedes,00d2be,mercedes,Valtteri,Bottas,Valtteri Bottas,,,2.0,,,0 days 00:01:22.367000,0 days 00:01:21.193000,0 days 00:01:20.598000,,,,Australian Grand Prix
5,S VETTEL,VET,vettel,Ferrari,dc0000,ferrari,Sebastian,Vettel,Sebastian Vettel,,,3.0,,,0 days 00:01:22.885000,0 days 00:01:21.912000,0 days 00:01:21.190000,,,,Australian Grand Prix
33,M VERSTAPPEN,VER,max_verstappen,Red Bull Racing,1e41ff,red_bull,Max,Verstappen,Max Verstappen,,,4.0,,,0 days 00:01:22.876000,0 days 00:01:21.678000,0 days 00:01:21.320000,,,,Australian Grand Prix
16,C LECLERC,LEC,leclerc,Ferrari,dc0000,ferrari,Charles,Leclerc,Charles Leclerc,,,5.0,,,0 days 00:01:22.017000,0 days 00:01:21.739000,0 days 00:01:21.442000,,,,Australian Grand Prix
8,R GROSJEAN,GRO,grosjean,Haas F1 Team,bd9e57,haas,Romain,Grosjean,Romain Grosjean,,,6.0,,,0 days 00:01:22.959000,0 days 00:01:21.870000,0 days 00:01:21.826000,,,,Australian Grand Prix
20,K MAGNUSSEN,MAG,kevin_magnussen,Haas F1 Team,bd9e57,haas,Kevin,Magnussen,Kevin Magnussen,,,7.0,,,0 days 00:01:22.519000,0 days 00:01:22.221000,0 days 00:01:22.099000,,,,Australian Grand Prix
4,L NORRIS,NOR,norris,McLaren,ff8700,mclaren,Lando,Norris,Lando Norris,,,8.0,,,0 days 00:01:22.702000,0 days 00:01:22.423000,0 days 00:01:22.304000,,,,Australian Grand Prix
7,K RAIKKONEN,RAI,raikkonen,Alfa Romeo Racing,9b0000,alfa,Kimi,Räikkönen,Kimi Räikkönen,,,9.0,,,0 days 00:01:22.966000,0 days 00:01:22.349000,0 days 00:01:22.314000,,,,Australian Grand Prix
11,S PEREZ,PER,perez,Racing Point,f596c8,racing_point,Sergio,Perez,Sergio Perez,,,10.0,,,0 days 00:01:22.908000,0 days 00:01:22.532000,0 days 00:01:22.781000,,,,Australian Grand Prix
27,N HULKENBERG,HUL,hulkenberg,Renault,fff500,renault,Nico,Hulkenberg,Nico Hulkenberg,,,11.0,,,0 days 00:01:22.540000,0 days 00:01:22.562000,,,,,Australian Grand Prix
3,D RICCIARDO,RIC,ricciardo,Renault,fff500,renault,Daniel,Ricciardo,Daniel Ricciardo,,,12.0,,,0 days 00:01:22.921000,0 days 00:01:22.570000,,,,,Australian Grand Prix
23,A ALBON,ALB,albon,Toro Rosso,469bff,toro_rosso,Alexander,Albon,Alexander Albon,,,13.0,,,0 days 00:01:22.757000,0 days 00:01:22.636000,,,,,Australian Grand Prix
99,A GIOVINAZZI,GIO,giovinazzi,Alfa Romeo Racing,9b0000,alfa,Antonio,Giovinazzi,Antonio Giovinazzi,,,14.0,,,0 days 00:01:22.431000,0 days 00:01:22.714000,,,,,Australian Grand Prix
26,D KVYAT,KVY,kvyat,Toro Rosso,469bff,toro_rosso,Daniil,Kvyat,Daniil Kvyat,,,15.0,,,0 days 00:01:22.511000,0 days 00:01:22.774000,,,,,Australian Grand Prix
18,L STROLL,STR,stroll,Racing Point,f596c8,racing_point,Lance,Stroll,Lance Stroll,,,16.0,,,0 days 00:01:23.017000,,,,,,Australian Grand Prix
10,P GASLY,GAS,gasly,Red Bull Racing,1e41ff,red_bull,Pierre,Gasly,Pierre Gasly,,,17.0,,,0 days 00:01:23.020000,,,,,,Australian Grand Prix
55,C SAINZ,SAI,sainz,McLaren,ff8700,mclaren,Carlos,Sainz,Carlos Sainz,,,18.0,,,0 days 00:01:23.084000,,,,,,Australian Grand Prix
63,G RUSSELL,RUS,russell,Williams,ffffff,williams,George,Russell,George Russell,,,19.0,,,0 days 00:01:24.360000,,,,,,Australian Grand Prix
88,R KUBICA,KUB,kubica,Williams,ffffff,williams,Robert,Kubica,Robert Kubica,,,20.0,,,0 days 00:01:26.067000,,,,,,Australian Grand Prix
16,C LECLERC,LEC,leclerc,Ferrari,dc0000,ferrari,Charles,Leclerc,Charles Leclerc,,,1.0,,,0 days 00:01:28.495000,0 days 00:01:28.046000,0 days 00:01:27.866000,,,,Bahrain Grand Prix
5,S VETTEL,VET,vettel,Ferrari,dc0000,ferrari,Sebastian,Vettel,Sebastian Vettel,,,2.0,,,0 days 00:01:28.733000,0 days 00:01:28.356000,0 days 00:01:28.160000,,,,Bahrain Grand Prix
44,L HAMILTON,HAM,hamilton,Mercedes,00d2be,mercedes,Lewis,Hamilton,Lewis Hamilton,,,3.0,,,0 days 00:01:29.262000,0 days 00:01:28.578000,0 days 00:01:28.190000,,,,Bahrain Grand Prix
77,V BOTTAS,BOT,bottas,Mercedes,00d2be,mercedes,Valtteri,Bottas,Valtteri Bottas,,,4.0,,,0 days 00:01:29.498000,0 days 00:01:28.830000,0 days 00:01:28.256000,,,,Bahrain Grand Prix
33,M VERSTAPPEN,VER,max_verstappen,Red Bull Racing,1e41ff,red_bull,Max,Verstappen,Max Verstappen,,,5.0,,,0 days 00:01:29.579000,0 days 00:01:29.109000,0 days 00:01:28.752000,,,,Bahrain Grand Prix
20,K MAGNUSSEN,MAG,kevin_magnussen,Haas F1 Team,bd9e57,haas,Kevin,Magnussen,Kevin Magnussen,,,6.0,,,0 days 00:01:29.532000,0 days 00:01:29.017000,0 days 00:01:28.757000,,,,Bahrain Grand Prix
55,C SAINZ,SAI,sainz,McLaren,ff8700,mclaren,Carlos,Sainz,Carlos Sainz,,,7.0,,,0 days 00:01:29.528000,0 days 00:01:29.055000,0 days 00:01:28.813000,,,,Bahrain Grand Prix
8,R GROSJEAN,GRO,grosjean,Haas F1 Team,bd9e57,haas,Romain,Grosjean,Romain Grosjean,,,8.0,,,0 days 00:01:29.688000,0 days 00:01:29.249000,0 days 00:01:29.015000,,,,Bahrain Grand Prix
7,K RAIKKONEN,RAI,raikkonen,Alfa Romeo Racing,9b0000,alfa,Kimi,Räikkönen,Kimi Räikkönen,,,9.0,,,0 days 00:01:29.959000,0 days 00:01:29.471000,0 days 00:01:29.022000,,,,Bahrain Grand Prix
4,L NORRIS,NOR,norris,McLaren,ff8700,mclaren,Lando,Norris,Lando Norris,,,10.0,,,0 days 00:01:29.381000,0 days 00:01:29.258000,0 days 00:01:29.043000,,,,Bahrain Grand Prix
3,D RICCIARDO,RIC,ricciardo,Renault,fff500,renault,Daniel,Ricciardo,Daniel Ricciardo,,,11.0,,,0 days 00:01:29.859000,0 days 00:01:29.488000,,,,,Bahrain Grand Prix
23,A ALBON,ALB,albon,Toro Rosso,469bff,toro_rosso,Alexander,Albon,Alexander Albon,,,12.0,,,0 days 00:01:29.514000,0 days 00:01:29.513000,,,,,Bahrain Grand Prix
10,P GASLY,GAS,gasly,Red Bull Racing,1e41ff,red_bull,Pierre,Gasly,Pierre Gasly,,,13.0,,,0 days 00:01:29.900000,0 days 00:01:29.526000,,,,,Bahrain Grand Prix
11,S PEREZ,PER,perez,Racing Point,f596c8,racing_point,Sergio,Perez,Sergio Perez,,,14.0,,,0 days 00:01:29.893000,0 days 00:01:29.756000,,,,,Bahrain Grand Prix
26,D KVYAT,KVY,kvyat,Toro Rosso,469bff,toro_rosso,Daniil,Kvyat,Daniil Kvyat,,,15.0,,,0 days 00:01:29.876000,0 days 00:01:29.854000,,,,,Bahrain Grand Prix
99,A GIOVINAZZI,GIO,giovinazzi,Alfa Romeo Racing,9b0000,alfa,Antonio,Giovinazzi,Antonio Giovinazzi,,,16.0,,,0 days 00:01:30.026000,,,,,,Bahrain Grand Prix
27,N HULKENBERG,HUL,hulkenberg,Renault,fff500,renault,Nico,Hulkenberg,Nico Hulkenberg,,,17.0,,,0 days 00:01:30.034000,,,,,,Bahrain Grand Prix
18,L STROLL,STR,stroll,Racing Point,f596c8,racing_point,Lance,Stroll,Lance Stroll,,,18.0,,,0 days 00:01:30.217000,,,,,,Bahrain Grand Prix
63,G RUSSELL,RUS,russell,Williams,ffffff,williams,George,Russell,George Russell,,,19.0,,,0 days 00:01:31.759000,,,,,,Bahrain Grand Prix
88,R KUBICA,KUB,kubica,Williams,ffffff,williams,Robert,Kubica,Robert Kubica,,,20.0,,,0 days 00:01:31.799000,,,,,,Bahrain Grand Prix
77,V BOTTAS,BOT,bottas,Mercedes,00d2be,mercedes,Valtteri,Bottas,Valtteri Bottas,,,1.0,,,0 days 00:01:32.658000,0 days 00:01:31.728000,0 days 00:01:31.547000,,,,Chinese Grand Prix
44,L HAMILTON,HAM,hamilton,Mercedes,00d2be,mercedes,Lewis,Hamilton,Lewis Hamilton,,,2.0,,,0 days 00:01:33.115000,0 days 00:01:31.637000,0 days 00:01:31.570000,,,,Chinese Grand Prix
5,S VETTEL,VET,vettel,Ferrari,dc0000,ferrari,Sebastian,Vettel,Sebastian Vettel,,,3.0,,,0 days 00:01:33.557000,0 days 00:01:32.232000,0 days 00:01:31.848000,,,,Chinese Grand Prix
16,C LECLERC,LEC,leclerc,Ferrari,dc0000,ferrari,Charles,Leclerc,Charles Leclerc,,,4.0,,,0 days 00:01:32.712000,0 days 00:01:32.324000,0 days 00:01:31.865000,,,,Chinese Grand Prix
33,M VERSTAPPEN,VER,max_verstappen,Red Bull Racing,1e41ff,red_bull,Max,Verstappen,Max Verstappen,,,5.0,,,0 days 00:01:33.274000,0 days 00:01:32.369000,0 days 00:01:32.089000,,,,Chinese Grand Prix
10,P GASLY,GAS,gasly,Red Bull Racing,1e41ff,red_bull,Pierre,Gasly,Pierre Gasly,,,6.0,,,0 days 00:01:33.863000,0 days 00:01:32.948000,0 days 00:01:32.930000,,,,Chinese Grand Prix
3,D RICCIARDO,RIC,ricciardo,Renault,fff500,renault,Daniel,Ricciardo,Daniel Ricciardo,,,7.0,,,0 days 00:01:33.709000,0 days 00:01:33.214000,0 days 00:01:32.958000,,,,Chinese Grand Prix
27,N HULKENBERG,HUL,hulkenberg,Renault,fff500,renault,Nico,Hulkenberg,Nico Hulkenberg,,,8.0,,,0 days 00:01:33.644000,0 days 00:01:33.968000,0 days 00:01:32.962000,,,,Chinese Grand Prix
20,K MAGNUSSEN,MAG,kevin_magnussen,Haas F1 Team,bd9e57,haas,Kevin,Magnussen,Kevin Magnussen,,,9.0,,,0 days 00:01:34.036000,0 days 00:01:33.150000,,,,,Chinese Grand Prix
8,R GROSJEAN,GRO,grosjean,Haas F1 Team,bd9e57,haas,Romain,Grosjean,Romain Grosjean,,,10.0,,,0 days 00:01:33.752000,0 days 00:01:33.156000,,,,,Chinese Grand Prix
26,D KVYAT,KVY,kvyat,Toro Rosso,469bff,toro_rosso,Daniil,Kvyat,Daniil Kvyat,,,11.0,,,0 days 00:01:33.783000,0 days 00:01:33.236000,,,,,Chinese Grand Prix
11,S PEREZ,PER,perez,Racing Point,f596c8,racing_point,Sergio,Perez,Sergio Perez,,,12.0,,,0 days 00:01:34.026000,0 days 00:01:33.299000,,,,,Chinese Grand Prix
7,K RAIKKONEN,RAI,raikkonen,Alfa Romeo Racing,9b0000,alfa,Kimi,Räikkönen,Kimi Räikkönen,,,13.0,,,0 days 00:01:34.125000,0 days 00:01:33.419000,,,,,Chinese Grand Prix
55,C SAINZ,SAI,sainz,McLaren,ff8700,mclaren,Carlos,Sainz,Carlos Sainz,,,14.0,,,0 days 00:01:33.686000,0 days 00:01:33.523000,,,,,Chinese Grand Prix
4,L NORRIS,NOR,norris,McLaren,ff8700,mclaren,Lando,Norris,Lando Norris,,,15.0,,,0 days 00:01:34.148000,0 days 00:01:33.967000,,,,,Chinese Grand Prix
18,L STROLL,STR,stroll,Racing Point,f596c8,racing_point,Lance,Stroll,Lance Stroll,,,16.0,,,0 days 00:01:34.292000,,,,,,Chinese Grand Prix
63,G RUSSELL,RUS,russell,Williams,ffffff,williams,George,Russell,George Russell,,,17.0,,,0 days 00:01:35.253000,,,,,,Chinese Grand Prix
88,R KUBICA,KUB,kubica,Williams,ffffff,williams,Robert,Kubica,Robert Kubica,,,18.0,,,0 days 00:01:35.281000,,,,,,Chinese Grand Prix
23,A ALBON,ALB,nan,Toro Rosso,469bff,nan,Alexander,Albon,Alexander Albon,,,,,,,,,,,,Chinese Grand Prix
99,A GIOVINAZZI,GIO,nan,Alfa Romeo Racing,9b0000,nan,Antonio,Giovinazzi,Antonio Giovinazzi,,,,,,,,,,,,Chinese Grand Prix
77,V BOTTAS,BOT,bottas,Mercedes,00d2be,mercedes,Valtteri,Bottas,Valtteri Bottas,,,1.0,,,0 days 00:01:42.026000,0 days 00:01:41.500000,0 days 00:01:40.495000,,,,Azerbaijan Grand Prix
44,L HAMILTON,HAM,hamilton,Mercedes,00d2be,mercedes,Lewis,Hamilton,Lewis Hamilton,,,2.0,,,0 days 00:01:41.614000,0 days 00:01:41.580000,0 days 00:01:40.554000,,,,Azerbaijan Grand Prix
5,S VETTEL,VET,vettel,Ferrari,dc0000,ferrari,Sebastian,Vettel,Sebastian Vettel,,,3.0,,,0 days 00:01:42.042000,0 days 00:01:41.889000,0 days 00:01:40.797000,,,,Azerbaijan Grand Prix
33,M VERSTAPPEN,VER,max_verstappen,Red Bull Racing,1e41ff,red_bull,Max,Verstappen,Max Verstappen,,,4.0,,,0 days 00:01:41.727000,0 days 00:01:41.388000,0 days 00:01:41.069000,,,,Azerbaijan Grand Prix
11,S PEREZ,PER,perez,Racing Point,f596c8,racing_point,Sergio,Perez,Sergio Perez,,,5.0,,,0 days 00:01:42.249000,0 days 00:01:41.870000,0 days 00:01:41.593000,,,,Azerbaijan Grand Prix
26,D KVYAT,KVY,kvyat,Toro Rosso,469bff,toro_rosso,Daniil,Kvyat,Daniil Kvyat,,,6.0,,,0 days 00:01:42.324000,0 days 00:01:42.221000,0 days 00:01:41.681000,,,,Azerbaijan Grand Prix
4,L NORRIS,NOR,norris,McLaren,ff8700,mclaren,Lando,Norris,Lando Norris,,,7.0,,,0 days 00:01:42.371000,0 days 00:01:42.084000,0 days 00:01:41.886000,,,,Azerbaijan Grand Prix
99,A GIOVINAZZI,GIO,giovinazzi,Alfa Romeo Racing,9b0000,alfa,Antonio,Giovinazzi,Antonio Giovinazzi,,,8.0,,,0 days 00:01:42.140000,0 days 00:01:42.381000,0 days 00:01:42.424000,,,,Azerbaijan Grand Prix
16,C LECLERC,LEC,leclerc,Ferrari,dc0000,ferrari,Charles,Leclerc,Charles Leclerc,,,9.0,,,0 days 00:01:41.426000,0 days 00:01:41.995000,,,,,Azerbaijan Grand Prix
55,C SAINZ,SAI,sainz,McLaren,ff8700,mclaren,Carlos,Sainz,Carlos Sainz,,,10.0,,,0 days 00:01:41.936000,0 days 00:01:42.398000,,,,,Azerbaijan Grand Prix
3,D RICCIARDO,RIC,ricciardo,Renault,fff500,renault,Daniel,Ricciardo,Daniel Ricciardo,,,11.0,,,0 days 00:01:42.486000,0 days 00:01:42.477000,,,,,Azerbaijan Grand Prix
23,A ALBON,ALB,albon,Toro Rosso,469bff,toro_rosso,Alexander,Albon,Alexander Albon,,,12.0,,,0 days 00:01:42.154000,0 days 00:01:42.494000,,,,,Azerbaijan Grand Prix
20,K MAGNUSSEN,MAG,kevin_magnussen,Haas F1 Team,bd9e57,haas,Kevin,Magnussen,Kevin Magnussen,,,13.0,,,0 days 00:01:42.382000,0 days 00:01:42.699000,,,,,Azerbaijan Grand Prix
18,L STROLL,STR,stroll,Racing Point,f596c8,racing_point,Lance,Stroll,Lance Stroll,,,14.0,,,0 days 00:01:42.630000,,,,,,Azerbaijan Grand Prix
8,R GROSJEAN,GRO,grosjean,Haas F1 Team,bd9e57,haas,Romain,Grosjean,Romain Grosjean,,,15.0,,,0 days 00:01:43.407000,,,,,,Azerbaijan Grand Prix
27,N HULKENBERG,HUL,hulkenberg,Renault,fff500,renault,Nico,Hulkenberg,Nico Hulkenberg,,,16.0,,,0 days 00:01:43.427000,,,,,,Azerbaijan Grand Prix
63,G RUSSELL,RUS,russell,Williams,ffffff,williams,George,Russell,George Russell,,,17.0,,,0 days 00:01:45.062000,,,,,,Azerbaijan Grand Prix
88,R KUBICA,KUB,kubica,Williams,ffffff,williams,Robert,Kubica,Robert Kubica,,,18.0,,,0 days 00:01:45.455000,,,,,,Azerbaijan Grand Prix
7,K RAIKKONEN,RAI,raikkonen,Alfa Romeo Racing,9b0000,alfa,Kimi,Räikkönen,Kimi Räikkönen,,,19.0,,,,,,,,,Azerbaijan Grand Prix
10,P GASLY,GAS,gasly,Red Bull Racing,1e41ff,red_bull,Pierre,Gasly,Pierre Gasly,,,20.0,,,,,,,,,Azerbaijan Grand Prix
77,V BOTTAS,BOT,bottas,Mercedes,00d2be,mercedes,Valtteri,Bottas,Valtteri Bottas,,,1.0,,,0 days 00:01:16.979000,0 days 00:01:15.924000,0 days 00:01:15.406000,,,,Spanish Grand Prix
44,L HAMILTON,HAM,hamilton,Mercedes,00d2be,mercedes,Lewis,Hamilton,Lewis Hamilton,,,2.0,,,0 days 00:01:17.292000,0 days 00:01:16.038000,0 days 00:01:16.040000,,,,Spanish Grand Prix
5,S VETTEL,VET,vettel,Ferrari,dc0000,ferrari,Sebastian,Vettel,Sebastian Vettel,,,3.0,,,0 days 00:01:17.425000,0 days 00:01:16.667000,0 days 00:01:16.272000,,,,Spanish Grand Prix
33,M VERSTAPPEN,VER,max_verstappen,Red Bull Racing,1e41ff,red_bull,Max,Verstappen,Max Verstappen,,,4.0,,,0 days 00:01:17.244000,0 days 00:01:16.726000,0 days 00:01:16.357000,,,,Spanish Grand Prix
16,C LECLERC,LEC,leclerc,Ferrari,dc0000,ferrari,Charles,Leclerc,Charles Leclerc,,,5.0,,,0 days 00:01:17.388000,0 days 00:01:16.714000,0 days 00:01:16.588000,,,,Spanish Grand Prix
10,P GASLY,GAS,gasly,Red Bull Racing,1e41ff,red_bull,Pierre,Gasly,Pierre Gasly,,,6.0,,,0 days 00:01:17.862000,0 days 00:01:16.932000,0 days 00:01:16.708000,,,,Spanish Grand Prix
8,R GROSJEAN,GRO,grosjean,Haas F1 Team,bd9e57,haas,Romain,Grosjean,Romain Grosjean,,,7.0,,,0 days 00:01:18.042000,0 days 00:01:17.066000,0 days 00:01:16.911000,,,,Spanish Grand Prix
20,K MAGNUSSEN,MAG,kevin_magnussen,Haas F1 Team,bd9e57,haas,Kevin,Magnussen,Kevin Magnussen,,,8.0,,,0 days 00:01:17.669000,0 days 00:01:17.272000,0 days 00:01:16.922000,,,,Spanish Grand Prix
26,D KVYAT,KVY,kvyat,Toro Rosso,469bff,toro_rosso,Daniil,Kvyat,Daniil Kvyat,,,9.0,,,0 days 00:01:17.914000,0 days 00:01:17.243000,0 days 00:01:17.573000,,,,Spanish Grand Prix
3,D RICCIARDO,RIC,ricciardo,Renault,fff500,renault,Daniel,Ricciardo,Daniel Ricciardo,,,10.0,,,0 days 00:01:18.385000,0 days 00:01:17.299000,0 days 00:01:18.106000,,,,Spanish Grand Prix
4,L NORRIS,NOR,norris,McLaren,ff8700,mclaren,Lando,Norris,Lando Norris,,,11.0,,,0 days 00:01:17.611000,0 days 00:01:17.338000,,,,,Spanish Grand Prix
23,A ALBON,ALB,albon,Toro Rosso,469bff,toro_rosso,Alexander,Albon,Alexander Albon,,,12.0,,,0 days 00:01:17.796000,0 days 00:01:17.445000,,,,,Spanish Grand Prix
55,C SAINZ,SAI,sainz,McLaren,ff8700,mclaren,Carlos,Sainz,Carlos Sainz,,,13.0,,,0 days 00:01:17.760000,0 days 00:01:17.599000,,,,,Spanish Grand Prix
7,K RAIKKONEN,RAI,raikkonen,Alfa Romeo Racing,9b0000,alfa,Kimi,Räikkönen,Kimi Räikkönen,,,14.0,,,0 days 00:01:18.132000,0 days 00:01:17.788000,,,,,Spanish Grand Prix
11,S PEREZ,PER,perez,Racing Point,f596c8,racing_point,Sergio,Perez,Sergio Perez,,,15.0,,,0 days 00:01:18.286000,0 days 00:01:17.886000,,,,,Spanish Grand Prix
27,N HULKENBERG,HUL,hulkenberg,Renault,fff500,renault,Nico,Hulkenberg,Nico Hulkenberg,,,16.0,,,0 days 00:01:18.404000,,,,,,Spanish Grand Prix
18,L STROLL,STR,stroll,Racing Point,f596c8,racing_point,Lance,Stroll,Lance Stroll,,,17.0,,,0 days 00:01:18.471000,,,,,,Spanish Grand Prix
99,A GIOVINAZZI,GIO,giovinazzi,Alfa Romeo Racing,9b0000,alfa,Antonio,Giovinazzi,Antonio Giovinazzi,,,18.0,,,0 days 00:01:18.664000,,,,,,Spanish Grand Prix
63,G RUSSELL,RUS,russell,Williams,ffffff,williams,George,Russell,George Russell,,,19.0,,,0 days 00:01:19.072000,,,,,,Spanish Grand Prix
88,R KUBICA,KUB,kubica,Williams,ffffff,williams,Robert,Kubica,Robert Kubica,,,20.0,,,0 days 00:01:20.254000,,,,,,Spanish Grand Prix
44,L HAMILTON,HAM,hamilton,Mercedes,00d2be,mercedes,Lewis,Hamilton,Lewis Hamilton,,,1.0,,,0 days 00:01:11.542000,0 days 00:01:10.835000,0 days 00:01:10.166000,,,,Monaco Grand Prix
77,V BOTTAS,BOT,bottas,Mercedes,00d2be,mercedes,Valtteri,Bottas,Valtteri Bottas,,,2.0,,,0 days 00:01:11.562000,0 days 00:01:10.701000,0 days 00:01:10.252000,,,,Monaco Grand Prix
33,M VERSTAPPEN,VER,max_verstappen,Red Bull Racing,1e41ff,red_bull,Max,Verstappen,Max Verstappen,,,3.0,,,0 days 00:01:11.597000,0 days 00:01:10.618000,0 days 00:01:10.641000,,,,Monaco Grand Prix
5,S VETTEL,VET,vettel,Ferrari,dc0000,ferrari,Sebastian,Vettel,Sebastian Vettel,,,4.0,,,0 days 00:01:11.434000,0 days 00:01:11.227000,0 days 00:01:10.947000,,,,Monaco Grand Prix
10,P GASLY,GAS,gasly,Red Bull Racing,1e41ff,red_bull,Pierre,Gasly,Pierre Gasly,,,5.0,,,0 days 00:01:11.740000,0 days 00:01:11.457000,0 days 00:01:11.041000,,,,Monaco Grand Prix
20,K MAGNUSSEN,MAG,kevin_magnussen,Haas F1 Team,bd9e57,haas,Kevin,Magnussen,Kevin Magnussen,,,6.0,,,0 days 00:01:11.865000,0 days 00:01:11.363000,0 days 00:01:11.109000,,,,Monaco Grand Prix
3,D RICCIARDO,RIC,ricciardo,Renault,fff500,renault,Daniel,Ricciardo,Daniel Ricciardo,,,7.0,,,0 days 00:01:11.767000,0 days 00:01:11.543000,0 days 00:01:11.218000,,,,Monaco Grand Prix
26,D KVYAT,KVY,kvyat,Toro Rosso,469bff,toro_rosso,Daniil,Kvyat,Daniil Kvyat,,,8.0,,,0 days 00:01:11.602000,0 days 00:01:11.412000,0 days 00:01:11.271000,,,,Monaco Grand Prix
55,C SAINZ,SAI,sainz,McLaren,ff8700,mclaren,Carlos,Sainz,Carlos Sainz,,,9.0,,,0 days 00:01:11.872000,0 days 00:01:11.608000,0 days 00:01:11.417000,,,,Monaco Grand Prix
23,A ALBON,ALB,albon,Toro Rosso,469bff,toro_rosso,Alexander,Albon,Alexander Albon,,,10.0,,,0 days 00:01:12.007000,0 days 00:01:11.429000,0 days 00:01:11.653000,,,,Monaco Grand Prix
27,N HULKENBERG,HUL,hulkenberg,Renault,fff500,renault,Nico,Hulkenberg,Nico Hulkenberg,,,11.0,,,0 days 00:01:12.097000,0 days 00:01:11.670000,,,,,Monaco Grand Prix
4,L NORRIS,NOR,norris,McLaren,ff8700,mclaren,Lando,Norris,Lando Norris,,,12.0,,,0 days 00:01:11.845000,0 days 00:01:11.724000,,,,,Monaco Grand Prix
8,R GROSJEAN,GRO,grosjean,Haas F1 Team,bd9e57,haas,Romain,Grosjean,Romain Grosjean,,,13.0,,,0 days 00:01:11.837000,0 days 00:01:12.027000,,,,,Monaco Grand Prix
7,K RAIKKONEN,RAI,raikkonen,Alfa Romeo Racing,9b0000,alfa,Kimi,Räikkönen,Kimi Räikkönen,,,14.0,,,0 days 00:01:11.993000,0 days 00:01:12.115000,,,,,Monaco Grand Prix
99,A GIOVINAZZI,GIO,giovinazzi,Alfa Romeo Racing,9b0000,alfa,Antonio,Giovinazzi,Antonio Giovinazzi,,,15.0,,,0 days 00:01:11.976000,0 days 00:01:12.185000,,,,,Monaco Grand Prix
16,C LECLERC,LEC,leclerc,Ferrari,dc0000,ferrari,Charles,Leclerc,Charles Leclerc,,,16.0,,,0 days 00:01:12.149000,,,,,,Monaco Grand Prix
11,S PEREZ,PER,perez,Racing Point,f596c8,racing_point,Sergio,Perez,Sergio Perez,,,17.0,,,0 days 00:01:12.233000,,,,,,Monaco Grand Prix
18,L STROLL,STR,stroll,Racing Point,f596c8,racing_point,Lance,Stroll,Lance Stroll,,,18.0,,,0 days 00:01:12.846000,,,,,,Monaco Grand Prix
63,G RUSSELL,RUS,russell,Williams,ffffff,williams,George,Russell,George Russell,,,19.0,,,0 days 00:01:13.477000,,,,,,Monaco Grand Prix
88,R KUBICA,KUB,kubica,Williams,ffffff,williams,Robert,Kubica,Robert Kubica,,,20.0,,,0 days 00:01:13.751000,,,,,,Monaco Grand Prix
5,S VETTEL,VET,vettel,Ferrari,dc0000,ferrari,Sebastian,Vettel,Sebastian Vettel,https://www.formula1.com/content/dam/fom-website/drivers/S/SEBVET01_Sebastian_Vettel/sebvet01.png,,1.0,,,0 days 00:01:11.200000,0 days 00:01:11.142000,0 days 00:01:10.240000,,,,Canadian Grand Prix
44,L HAMILTON,HAM,hamilton,Mercedes,00d2be,mercedes,Lewis,Hamilton,Lewis Hamilton,https://www.formula1.com/content/dam/fom-website/drivers/L/LEWHAM01_Lewis_Hamilton/lewham01.png,,2.0,,,0 days 00:01:11.518000,0 days 00:01:11.010000,0 days 00:01:10.446000,,,,Canadian Grand Prix
16,C LECLERC,LEC,leclerc,Ferrari,dc0000,ferrari,Charles,Leclerc,Charles Leclerc,https://www.formula1.com/content/dam/fom-website/drivers/C/CHALEC01_Charles_Leclerc/chalec01.png,,3.0,,,0 days 00:01:11.214000,0 days 00:01:11.205000,0 days 00:01:10.920000,,,,Canadian Grand Prix
3,D RICCIARDO,RIC,ricciardo,Renault,fff500,renault,Daniel,Ricciardo,Daniel Ricciardo,https://www.formula1.com/content/dam/fom-website/drivers/D/DANRIC01_Daniel_Ricciardo/danric01.png,,4.0,,,0 days 00:01:11.837000,0 days 00:01:11.532000,0 days 00:01:11.071000,,,,Canadian Grand Prix
10,P GASLY,GAS,gasly,Red Bull Racing,1e41ff,red_bull,Pierre,Gasly,Pierre Gasly,https://www.formula1.com/content/dam/fom-website/drivers/P/PIEGAS01_Pierre_Gasly/piegas01.png,,5.0,,,0 days 00:01:12.023000,0 days 00:01:11.196000,0 days 00:01:11.079000,,,,Canadian Grand Prix
77,V BOTTAS,BOT,bottas,Mercedes,00d2be,mercedes,Valtteri,Bottas,Valtteri Bottas,https://www.formula1.com/content/dam/fom-website/drivers/V/VALBOT01_Valtteri_Bottas/valbot01.png,,6.0,,,0 days 00:01:11.229000,0 days 00:01:11.095000,0 days 00:01:11.101000,,,,Canadian Grand Prix
27,N HULKENBERG,HUL,hulkenberg,Renault,fff500,renault,Nico,Hulkenberg,Nico Hulkenberg,https://www.formula1.com/content/dam/fom-website/drivers/N/NICHUL01_Nico_Hulkenberg/nichul01.png,,7.0,,,0 days 00:01:11.720000,0 days 00:01:11.553000,0 days 00:01:11.324000,,,,Canadian Grand Prix
4,L NORRIS,NOR,norris,McLaren,ff8700,mclaren,Lando,Norris,Lando Norris,https://www.formula1.com/content/dam/fom-website/drivers/L/LANNOR01_Lando_Norris/lannor01.png,,8.0,,,0 days 00:01:11.780000,0 days 00:01:11.735000,0 days 00:01:11.863000,,,,Canadian Grand Prix
55,C SAINZ,SAI,sainz,McLaren,ff8700,mclaren,Carlos,Sainz,Carlos Sainz,https://www.formula1.com/content/dam/fom-website/drivers/C/CARSAI01_Carlos_Sainz/carsai01.png,,9.0,,,0 days 00:01:11.750000,0 days 00:01:11.572000,0 days 00:01:13.981000,,,,Canadian Grand Prix
20,K MAGNUSSEN,MAG,kevin_magnussen,Haas F1 Team,bd9e57,haas,Kevin,Magnussen,Kevin Magnussen,https://www.formula1.com/content/dam/fom-website/drivers/K/KEVMAG01_Kevin_Magnussen/kevmag01.png,,10.0,,,0 days 00:01:12.107000,0 days 00:01:11.786000,,,,,Canadian Grand Prix
33,M VERSTAPPEN,VER,max_verstappen,Red Bull Racing,1e41ff,red_bull,Max,Verstappen,Max Verstappen,https://www.formula1.com/content/dam/fom-website/drivers/M/MAXVER01_Max_Verstappen/maxver01.png,,11.0,,,0 days 00:01:11.619000,0 days 00:01:11.800000,,,,,Canadian Grand Prix
26,D KVYAT,KVY,kvyat,Toro Rosso,469bff,toro_rosso,Daniil,Kvyat,Daniil Kvyat,https://www.formula1.com/content/dam/fom-website/drivers/D/DANKVY01_Daniil_Kvyat/dankvy01.png,,12.0,,,0 days 00:01:11.965000,0 days 00:01:11.921000,,,,,Canadian Grand Prix
99,A GIOVINAZZI,GIO,giovinazzi,Alfa Romeo Racing,9b0000,alfa,Antonio,Giovinazzi,Antonio Giovinazzi,https://www.formula1.com/content/dam/fom-website/drivers/A/ANTGIO01_Antonio_Giovinazzi/antgio01.png,,13.0,,,0 days 00:01:12.122000,0 days 00:01:12.136000,,,,,Canadian Grand Prix
23,A ALBON,ALB,albon,Toro Rosso,469bff,toro_rosso,Alexander,Albon,Alexander Albon,https://www.formula1.com/content/dam/fom-website/drivers/A/ALEALB01_Alexander_Albon/alealb01.png,,14.0,,,0 days 00:01:12.020000,0 days 00:01:12.193000,,,,,Canadian Grand Prix
8,R GROSJEAN,GRO,grosjean,Haas F1 Team,bd9e57,haas,Romain,Grosjean,Romain Grosjean,https://www.formula1.com/content/dam/fom-website/drivers/R/ROMGRO01_Romain_Grosjean/romgro01.png,,15.0,,,0 days 00:01:12.109000,,,,,,Canadian Grand Prix
11,S PEREZ,PER,perez,Racing Point,f596c8,racing_point,Sergio,Perez,Sergio Perez,https://www.formula1.com/content/dam/fom-website/drivers/S/SERPER01_Sergio_Perez/serper01.png,,16.0,,,0 days 00:01:12.197000,,,,,,Canadian Grand Prix
7,K RAIKKONEN,RAI,raikkonen,Alfa Romeo Racing,9b0000,alfa,Kimi,Räikkönen,Kimi Räikkönen,https://www.formula1.com/content/dam/fom-website/drivers/K/KIMRAI01_Kimi_R%C3%A4ikk%C3%B6nen/kimrai01.png,,17.0,,,0 days 00:01:12.230000,,,,,,Canadian Grand Prix
18,L STROLL,STR,stroll,Racing Point,f596c8,racing_point,Lance,Stroll,Lance Stroll,https://www.formula1.com/content/dam/fom-website/drivers/L/LANSTR01_Lance_Stroll/lanstr01.png,,18.0,,,0 days 00:01:12.266000,,,,,,Canadian Grand Prix
63,G RUSSELL,RUS,russell,Williams,ffffff,williams,George,Russell,George Russell,https://www.formula1.com/content/dam/fom-website/drivers/G/GEORUS01_George_Russell/georus01.png,,19.0,,,0 days 00:01:13.617000,,,,,,Canadian Grand Prix
88,R KUBICA,KUB,kubica,Williams,ffffff,williams,Robert,Kubica,Robert Kubica,https://www.formula1.com/content/dam/fom-website/drivers/R/ROBKUB01_Robert_Kubica/robkub01.png,,20.0,,,0 days 00:01:14.393000,,,,,,Canadian Grand Prix
44,L HAMILTON,HAM,hamilton,Mercedes,00d2be,mercedes,Lewis,Hamilton,Lewis Hamilton,https://www.formula1.com/content/dam/fom-website/drivers/L/LEWHAM01_Lewis_Hamilton/lewham01.png,,1.0,,,0 days 00:01:30.609000,0 days 00:01:29.520000,0 days 00:01:28.319000,,,,French Grand Prix
77,V BOTTAS,BOT,bottas,Mercedes,00d2be,mercedes,Valtteri,Bottas,Valtteri Bottas,https://www.formula1.com/content/dam/fom-website/drivers/V/VALBOT01_Valtteri_Bottas/valbot01.png,,2.0,,,0 days 00:01:30.550000,0 days 00:01:29.437000,0 days 00:01:28.605000,,,,French Grand Prix
16,C LECLERC,LEC,leclerc,Ferrari,dc0000,ferrari,Charles,Leclerc,Charles Leclerc,https://www.formula1.com/content/dam/fom-website/drivers/C/CHALEC01_Charles_Leclerc/chalec01.png,,3.0,,,0 days 00:01:30.647000,0 days 00:01:29.699000,0 days 00:01:28.965000,,,,French Grand Prix
33,M VERSTAPPEN,VER,max_verstappen,Red Bull Racing,1e41ff,red_bull,Max,Verstappen,Max Verstappen,https://www.formula1.com/content/dam/fom-website/drivers/M/MAXVER01_Max_Verstappen/maxver01.png,,4.0,,,0 days 00:01:31.327000,0 days 00:01:30.099000,0 days 00:01:29.409000,,,,French Grand Prix
4,L NORRIS,NOR,norris,McLaren,ff8700,mclaren,Lando,Norris,Lando Norris,https://www.formula1.com/content/dam/fom-website/drivers/L/LANNOR01_Lando_Norris/lannor01.png,,5.0,,,0 days 00:01:30.989000,0 days 00:01:30.019000,0 days 00:01:29.418000,,,,French Grand Prix
55,C SAINZ,SAI,sainz,McLaren,ff8700,mclaren,Carlos,Sainz,Carlos Sainz,https://www.formula1.com/content/dam/fom-website/drivers/C/CARSAI01_Carlos_Sainz/carsai01.png,,6.0,,,0 days 00:01:31.073000,0 days 00:01:30.319000,0 days 00:01:29.522000,,,,French Grand Prix
5,S VETTEL,VET,vettel,Ferrari,dc0000,ferrari,Sebastian,Vettel,Sebastian Vettel,https://www.formula1.com/content/dam/fom-website/drivers/S/SEBVET01_Sebastian_Vettel/sebvet01.png,,7.0,,,0 days 00:01:31.075000,0 days 00:01:29.506000,0 days 00:01:29.799000,,,,French Grand Prix
3,D RICCIARDO,RIC,ricciardo,Renault,fff500,renault,Daniel,Ricciardo,Daniel Ricciardo,https://www.formula1.com/content/dam/fom-website/drivers/D/DANRIC01_Daniel_Ricciardo/danric01.png,,8.0,,,0 days 00:01:30.954000,0 days 00:01:30.369000,0 days 00:01:29.918000,,,,French Grand Prix
10,P GASLY,GAS,gasly,Red Bull Racing,1e41ff,red_bull,Pierre,Gasly,Pierre Gasly,https://www.formula1.com/content/dam/fom-website/drivers/P/PIEGAS01_Pierre_Gasly/piegas01.png,,9.0,,,0 days 00:01:31.152000,0 days 00:01:30.421000,0 days 00:01:30.184000,,,,French Grand Prix
99,A GIOVINAZZI,GIO,giovinazzi,Alfa Romeo Racing,9b0000,alfa,Antonio,Giovinazzi,Antonio Giovinazzi,https://www.formula1.com/content/dam/fom-website/drivers/A/ANTGIO01_Antonio_Giovinazzi/antgio01.png,,10.0,,,0 days 00:01:31.180000,0 days 00:01:30.408000,0 days 00:01:33.420000,,,,French Grand Prix
23,A ALBON,ALB,albon,Toro Rosso,469bff,toro_rosso,Alexander,Albon,Alexander Albon,https://www.formula1.com/content/dam/fom-website/drivers/A/ALEALB01_Alexander_Albon/alealb01.png,,11.0,,,0 days 00:01:31.445000,0 days 00:01:30.461000,,,,,French Grand Prix
7,K RAIKKONEN,RAI,raikkonen,Alfa Romeo Racing,9b0000,alfa,Kimi,Räikkönen,Kimi Räikkönen,https://www.formula1.com/content/dam/fom-website/drivers/K/KIMRAI01_Kimi_R%C3%A4ikk%C3%B6nen/kimrai01.png,,12.0,,,0 days 00:01:30.972000,0 days 00:01:30.533000,,,,,French Grand Prix
27,N HULKENBERG,HUL,hulkenberg,Renault,fff500,renault,Nico,Hulkenberg,Nico Hulkenberg,https://www.formula1.com/content/dam/fom-website/drivers/N/NICHUL01_Nico_Hulkenberg/nichul01.png,,13.0,,,0 days 00:01:30.865000,0 days 00:01:30.544000,,,,,French Grand Prix
11,S PEREZ,PER,perez,Racing Point,f596c8,racing_point,Sergio,Perez,Sergio Perez,https://www.formula1.com/content/dam/fom-website/drivers/S/SERPER01_Sergio_Perez/serper01.png,,14.0,,,0 days 00:01:30.964000,0 days 00:01:30.738000,,,,,French Grand Prix
20,K MAGNUSSEN,MAG,kevin_magnussen,Haas F1 Team,bd9e57,haas,Kevin,Magnussen,Kevin Magnussen,https://www.formula1.com/content/dam/fom-website/drivers/K/KEVMAG01_Kevin_Magnussen/kevmag01.png,,15.0,,,0 days 00:01:31.166000,0 days 00:01:31.440000,,,,,French Grand Prix
26,D KVYAT,KVY,kvyat,Toro Rosso,469bff,toro_rosso,Daniil,Kvyat,Daniil Kvyat,https://www.formula1.com/content/dam/fom-website/drivers/D/DANKVY01_Daniil_Kvyat/dankvy01.png,,16.0,,,0 days 00:01:31.564000,,,,,,French Grand Prix
8,R GROSJEAN,GRO,grosjean,Haas F1 Team,bd9e57,haas,Romain,Grosjean,Romain Grosjean,https://www.formula1.com/content/dam/fom-website/drivers/R/ROMGRO01_Romain_Grosjean/romgro01.png,,17.0,,,0 days 00:01:31.626000,,,,,,French Grand Prix
18,L STROLL,STR,stroll,Racing Point,f596c8,racing_point,Lance,Stroll,Lance Stroll,https://www.formula1.com/content/dam/fom-website/drivers/L/LANSTR01_Lance_Stroll/lanstr01.png,,18.0,,,0 days 00:01:31.726000,,,,,,French Grand Prix
63,G RUSSELL,RUS,russell,Williams,ffffff,williams,George,Russell,George Russell,https://www.formula1.com/content/dam/fom-website/drivers/G/GEORUS01_George_Russell/georus01.png,,19.0,,,0 days 00:01:32.789000,,,,,,French Grand Prix
88,R KUBICA,KUB,kubica,Williams,ffffff,williams,Robert,Kubica,Robert Kubica,https://www.formula1.com/content/dam/fom-website/drivers/R/ROBKUB01_Robert_Kubica/robkub01.png,,20.0,,,0 days 00:01:33.205000,,,,,,French Grand Prix
16,C LECLERC,LEC,leclerc,Ferrari,dc0000,ferrari,Charles,Leclerc,Charles Leclerc,https://www.formula1.com/content/dam/fom-website/drivers/C/CHALEC01_Charles_Leclerc/chalec01.png,,1.0,,,0 days 00:01:04.138000,0 days 00:01:03.378000,0 days 00:01:03.003000,,,,Austrian Grand Prix
44,L HAMILTON,HAM,hamilton,Mercedes,00d2be,mercedes,Lewis,Hamilton,Lewis Hamilton,https://www.formula1.com/content/dam/fom-website/drivers/L/LEWHAM01_Lewis_Hamilton/lewham01.png,,2.0,,,0 days 00:01:03.818000,0 days 00:01:03.803000,0 days 00:01:03.262000,,,,Austrian Grand Prix
33,M VERSTAPPEN,VER,max_verstappen,Red Bull Racing,1e41ff,red_bull,Max,Verstappen,Max Verstappen,https://www.formula1.com/content/dam/fom-website/drivers/M/MAXVER01_Max_Verstappen/maxver01.png,,3.0,,,0 days 00:01:03.807000,0 days 00:01:03.835000,0 days 00:01:03.439000,,,,Austrian Grand Prix
77,V BOTTAS,BOT,bottas,Mercedes,00d2be,mercedes,Valtteri,Bottas,Valtteri Bottas,https://www.formula1.com/content/dam/fom-website/drivers/V/VALBOT01_Valtteri_Bottas/valbot01.png,,4.0,,,0 days 00:01:04.084000,0 days 00:01:03.863000,0 days 00:01:03.537000,,,,Austrian Grand Prix
20,K MAGNUSSEN,MAG,kevin_magnussen,Haas F1 Team,bd9e57,haas,Kevin,Magnussen,Kevin Magnussen,https://www.formula1.com/content/dam/fom-website/drivers/K/KEVMAG01_Kevin_Magnussen/kevmag01.png,,5.0,,,0 days 00:01:04.778000,0 days 00:01:04.466000,0 days 00:01:04.072000,,,,Austrian Grand Prix
4,L NORRIS,NOR,norris,McLaren,ff8700,mclaren,Lando,Norris,Lando Norris,https://www.formula1.com/content/dam/fom-website/drivers/L/LANNOR01_Lando_Norris/lannor01.png,,6.0,,,0 days 00:01:04.361000,0 days 00:01:04.211000,0 days 00:01:04.099000,,,,Austrian Grand Prix
7,K RAIKKONEN,RAI,raikkonen,Alfa Romeo Racing,9b0000,alfa,Kimi,Räikkönen,Kimi Räikkönen,https://www.formula1.com/content/dam/fom-website/drivers/K/KIMRAI01_Kimi_R%C3%A4ikk%C3%B6nen/kimrai01.png,,7.0,,,0 days 00:01:04.615000,0 days 00:01:04.056000,0 days 00:01:04.166000,,,,Austrian Grand Prix
99,A GIOVINAZZI,GIO,giovinazzi,Alfa Romeo Racing,9b0000,alfa,Antonio,Giovinazzi,Antonio Giovinazzi,https://www.formula1.com/content/dam/fom-website/drivers/A/ANTGIO01_Antonio_Giovinazzi/antgio01.png,,8.0,,,0 days 00:01:04.450000,0 days 00:01:04.194000,0 days 00:01:04.179000,,,,Austrian Grand Prix
10,P GASLY,GAS,gasly,Red Bull Racing,1e41ff,red_bull,Pierre,Gasly,Pierre Gasly,https://www.formula1.com/content/dam/fom-website/drivers/P/PIEGAS01_Pierre_Gasly/piegas01.png,,9.0,,,0 days 00:01:04.412000,0 days 00:01:03.988000,0 days 00:01:04.199000,,,,Austrian Grand Prix
5,S VETTEL,VET,vettel,Ferrari,dc0000,ferrari,Sebastian,Vettel,Sebastian Vettel,https://www.formula1.com/content/dam/fom-website/drivers/S/SEBVET01_Sebastian_Vettel/sebvet01.png,,10.0,,,0 days 00:01:04.430000,0 days 00:01:03.667000,,,,,Austrian Grand Prix
8,R GROSJEAN,GRO,grosjean,Haas F1 Team,bd9e57,haas,Romain,Grosjean,Romain Grosjean,https://www.formula1.com/content/dam/fom-website/drivers/R/ROMGRO01_Romain_Grosjean/romgro01.png,,11.0,,,0 days 00:01:04.552000,0 days 00:01:04.490000,,,,,Austrian Grand Prix
27,N HULKENBERG,HUL,hulkenberg,Renault,fff500,renault,Nico,Hulkenberg,Nico Hulkenberg,https://www.formula1.com/content/dam/fom-website/drivers/N/NICHUL01_Nico_Hulkenberg/nichul01.png,,12.0,,,0 days 00:01:04.733000,0 days 00:01:04.516000,,,,,Austrian Grand Prix
23,A ALBON,ALB,albon,Toro Rosso,469bff,toro_rosso,Alexander,Albon,Alexander Albon,https://www.formula1.com/content/dam/fom-website/drivers/A/ALEALB01_Alexander_Albon/alealb01.png,,13.0,,,0 days 00:01:04.708000,0 days 00:01:04.665000,,,,,Austrian Grand Prix
3,D RICCIARDO,RIC,ricciardo,Renault,fff500,renault,Daniel,Ricciardo,Daniel Ricciardo,https://www.formula1.com/content/dam/fom-website/drivers/D/DANRIC01_Daniel_Ricciardo/danric01.png,,14.0,,,0 days 00:01:04.647000,0 days 00:01:04.790000,,,,,Austrian Grand Prix
55,C SAINZ,SAI,sainz,McLaren,ff8700,mclaren,Carlos,Sainz,Carlos Sainz,https://www.formula1.com/content/dam/fom-website/drivers/C/CARSAI01_Carlos_Sainz/carsai01.png,,15.0,,,0 days 00:01:04.453000,0 days 00:01:13.601000,,,,,Austrian Grand Prix
11,S PEREZ,PER,perez,Racing Point,f596c8,racing_point,Sergio,Perez,Sergio Perez,https://www.formula1.com/content/dam/fom-website/drivers/S/SERPER01_Sergio_Perez/serper01.png,,16.0,,,0 days 00:01:04.789000,,,,,,Austrian Grand Prix
18,L STROLL,STR,stroll,Racing Point,f596c8,racing_point,Lance,Stroll,Lance Stroll,https://www.formula1.com/content/dam/fom-website/drivers/L/LANSTR01_Lance_Stroll/lanstr01.png,,17.0,,,0 days 00:01:04.832000,,,,,,Austrian Grand Prix
26,D KVYAT,KVY,kvyat,Toro Rosso,469bff,toro_rosso,Daniil,Kvyat,Daniil Kvyat,https://www.formula1.com/content/dam/fom-website/drivers/D/DANKVY01_Daniil_Kvyat/dankvy01.png,,18.0,,,0 days 00:01:05.324000,,,,,,Austrian Grand Prix
63,G RUSSELL,RUS,russell,Williams,ffffff,williams,George,Russell,George Russell,https://www.formula1.com/content/dam/fom-website/drivers/G/GEORUS01_George_Russell/georus01.png,,19.0,,,0 days 00:01:05.904000,,,,,,Austrian Grand Prix
88,R KUBICA,KUB,kubica,Williams,ffffff,williams,Robert,Kubica,Robert Kubica,https://www.formula1.com/content/dam/fom-website/drivers/R/ROBKUB01_Robert_Kubica/robkub01.png,,20.0,,,0 days 00:01:06.206000,,,,,,Austrian Grand Prix
77,V BOTTAS,BOT,bottas,Mercedes,00d2be,mercedes,Valtteri,Bottas,Valtteri Bottas,https://www.formula1.com/content/dam/fom-website/drivers/V/VALBOT01_Valtteri_Bottas/valbot01.png,,1.0,,,0 days 00:01:25.750000,0 days 00:01:25.672000,0 days 00:01:25.093000,,,,British Grand Prix
44,L HAMILTON,HAM,hamilton,Mercedes,00d2be,mercedes,Lewis,Hamilton,Lewis Hamilton,https://www.formula1.com/content/dam/fom-website/drivers/L/LEWHAM01_Lewis_Hamilton/lewham01.png,,2.0,,,0 days 00:01:25.513000,0 days 00:01:25.840000,0 days 00:01:25.099000,,,,British Grand Prix
16,C LECLERC,LEC,leclerc,Ferrari,dc0000,ferrari,Charles,Leclerc,Charles Leclerc,https://www.formula1.com/content/dam/fom-website/drivers/C/CHALEC01_Charles_Leclerc/chalec01.png,,3.0,,,0 days 00:01:25.533000,0 days 00:01:25.546000,0 days 00:01:25.172000,,,,British Grand Prix
33,M VERSTAPPEN,VER,max_verstappen,Red Bull Racing,1e41ff,red_bull,Max,Verstappen,Max Verstappen,https://www.formula1.com/content/dam/fom-website/drivers/M/MAXVER01_Max_Verstappen/maxver01.png,,4.0,,,0 days 00:01:25.700000,0 days 00:01:25.848000,0 days 00:01:25.276000,,,,British Grand Prix
10,P GASLY,GAS,gasly,Red Bull Racing,1e41ff,red_bull,Pierre,Gasly,Pierre Gasly,https://www.formula1.com/content/dam/fom-website/drivers/P/PIEGAS01_Pierre_Gasly/piegas01.png,,5.0,,,0 days 00:01:26.273000,0 days 00:01:26.038000,0 days 00:01:25.590000,,,,British Grand Prix
5,S VETTEL,VET,vettel,Ferrari,dc0000,ferrari,Sebastian,Vettel,Sebastian Vettel,https://www.formula1.com/content/dam/fom-website/drivers/S/SEBVET01_Sebastian_Vettel/sebvet01.png,,6.0,,,0 days 00:01:25.898000,0 days 00:01:26.023000,0 days 00:01:25.787000,,,,British Grand Prix
3,D RICCIARDO,RIC,ricciardo,Renault,fff500,renault,Daniel,Ricciardo,Daniel Ricciardo,https://www.formula1.com/content/dam/fom-website/drivers/D/DANRIC01_Daniel_Ricciardo/danric01.png,,7.0,,,0 days 00:01:26.428000,0 days 00:01:26.283000,0 days 00:01:26.182000,,,,British Grand Prix
4,L NORRIS,NOR,norris,McLaren,ff8700,mclaren,Lando,Norris,Lando Norris,https://www.formula1.com/content/dam/fom-website/drivers/L/LANNOR01_Lando_Norris/lannor01.png,,8.0,,,0 days 00:01:26.079000,0 days 00:01:26.385000,0 days 00:01:26.224000,,,,British Grand Prix
23,A ALBON,ALB,albon,Toro Rosso,469bff,toro_rosso,Alexander,Albon,Alexander Albon,https://www.formula1.com/content/dam/fom-website/drivers/A/ALEALB01_Alexander_Albon/alealb01.png,,9.0,,,0 days 00:01:26.482000,0 days 00:01:26.403000,0 days 00:01:26.345000,,,,British Grand Prix
27,N HULKENBERG,HUL,hulkenberg,Renault,fff500,renault,Nico,Hulkenberg,Nico Hulkenberg,https://www.formula1.com/content/dam/fom-website/drivers/N/NICHUL01_Nico_Hulkenberg/nichul01.png,,10.0,,,0 days 00:01:26.568000,0 days 00:01:26.397000,0 days 00:01:26.386000,,,,British Grand Prix
99,A GIOVINAZZI,GIO,giovinazzi,Alfa Romeo Racing,9b0000,alfa,Antonio,Giovinazzi,Antonio Giovinazzi,https://www.formula1.com/content/dam/fom-website/drivers/A/ANTGIO01_Antonio_Giovinazzi/antgio01.png,,11.0,,,0 days 00:01:26.449000,0 days 00:01:26.519000,,,,,British Grand Prix
7,K RAIKKONEN,RAI,raikkonen,Alfa Romeo Racing,9b0000,alfa,Kimi,Räikkönen,Kimi Räikkönen,https://www.formula1.com/content/dam/fom-website/drivers/K/KIMRAI01_Kimi_R%C3%A4ikk%C3%B6nen/kimrai01.png,,12.0,,,0 days 00:01:26.558000,0 days 00:01:26.546000,,,,,British Grand Prix
55,C SAINZ,SAI,sainz,McLaren,ff8700,mclaren,Carlos,Sainz,Carlos Sainz,https://www.formula1.com/content/dam/fom-website/drivers/C/CARSAI01_Carlos_Sainz/carsai01.png,,13.0,,,0 days 00:01:26.203000,0 days 00:01:26.578000,,,,,British Grand Prix
8,R GROSJEAN,GRO,grosjean,Haas F1 Team,bd9e57,haas,Romain,Grosjean,Romain Grosjean,https://www.formula1.com/content/dam/fom-website/drivers/R/ROMGRO01_Romain_Grosjean/romgro01.png,,14.0,,,0 days 00:01:26.347000,0 days 00:01:26.757000,,,,,British Grand Prix
11,S PEREZ,PER,perez,Racing Point,f596c8,racing_point,Sergio,Perez,Sergio Perez,https://www.formula1.com/content/dam/fom-website/drivers/S/SERPER01_Sergio_Perez/serper01.png,,15.0,,,0 days 00:01:26.649000,0 days 00:01:26.928000,,,,,British Grand Prix
20,K MAGNUSSEN,MAG,kevin_magnussen,Haas F1 Team,bd9e57,haas,Kevin,Magnussen,Kevin Magnussen,https://www.formula1.com/content/dam/fom-website/drivers/K/KEVMAG01_Kevin_Magnussen/kevmag01.png,,16.0,,,0 days 00:01:26.662000,,,,,,British Grand Prix
26,D KVYAT,KVY,kvyat,Toro Rosso,469bff,toro_rosso,Daniil,Kvyat,Daniil Kvyat,https://www.formula1.com/content/dam/fom-website/drivers/D/DANKVY01_Daniil_Kvyat/dankvy01.png,,17.0,,,0 days 00:01:26.721000,,,,,,British Grand Prix
18,L STROLL,STR,stroll,Racing Point,f596c8,racing_point,Lance,Stroll,Lance Stroll,https://www.formula1.com/content/dam/fom-website/drivers/L/LANSTR01_Lance_Stroll/lanstr01.png,,18.0,,,0 days 00:01:26.762000,,,,,,British Grand Prix
63,G RUSSELL,RUS,russell,Williams,ffffff,williams,George,Russell,George Russell,https://www.formula1.com/content/dam/fom-website/drivers/G/GEORUS01_George_Russell/georus01.png,,19.0,,,0 days 00:01:27.789000,,,,,,British Grand Prix
88,R KUBICA,KUB,kubica,Williams,ffffff,williams,Robert,Kubica,Robert Kubica,https://www.formula1.com/content/dam/fom-website/drivers/R/ROBKUB01_Robert_Kubica/robkub01.png,,20.0,,,0 days 00:01:28.257000,,,,,,British Grand Prix
44,L HAMILTON,HAM,hamilton,Mercedes,00d2be,mercedes,Lewis,Hamilton,Lewis Hamilton,https://www.formula1.com/content/dam/fom-website/drivers/L/LEWHAM01_Lewis_Hamilton/lewham01.png,,1.0,,,0 days 00:01:12.852000,0 days 00:01:12.149000,0 days 00:01:11.767000,,,,German Grand Prix
33,M VERSTAPPEN,VER,max_verstappen,Red Bull Racing,1e41ff,red_bull,Max,Verstappen,Max Verstappen,https://www.formula1.com/content/dam/fom-website/drivers/M/MAXVER01_Max_Verstappen/maxver01.png,,2.0,,,0 days 00:01:12.593000,0 days 00:01:12.427000,0 days 00:01:12.113000,,,,German Grand Prix
77,V BOTTAS,BOT,bottas,Mercedes,00d2be,mercedes,Valtteri,Bottas,Valtteri Bottas,https://www.formula1.com/content/dam/fom-website/drivers/V/VALBOT01_Valtteri_Bottas/valbot01.png,,3.0,,,0 days 00:01:13.075000,0 days 00:01:12.424000,0 days 00:01:12.129000,,,,German Grand Prix
10,P GASLY,GAS,gasly,Red Bull Racing,1e41ff,red_bull,Pierre,Gasly,Pierre Gasly,https://www.formula1.com/content/dam/fom-website/drivers/P/PIEGAS01_Pierre_Gasly/piegas01.png,,4.0,,,0 days 00:01:12.991000,0 days 00:01:12.385000,0 days 00:01:12.522000,,,,German Grand Prix
7,K RAIKKONEN,RAI,raikkonen,Alfa Romeo Racing,9b0000,alfa,Kimi,Räikkönen,Kimi Räikkönen,https://www.formula1.com/content/dam/fom-website/drivers/K/KIMRAI01_Kimi_R%C3%A4ikk%C3%B6nen/kimrai01.png,,5.0,,,0 days 00:01:13.066000,0 days 00:01:12.519000,0 days 00:01:12.538000,,,,German Grand Prix
8,R GROSJEAN,GRO,grosjean,Haas F1 Team,bd9e57,haas,Romain,Grosjean,Romain Grosjean,https://www.formula1.com/content/dam/fom-website/drivers/R/ROMGRO01_Romain_Grosjean/romgro01.png,,6.0,,,0 days 00:01:13.146000,0 days 00:01:12.769000,0 days 00:01:12.851000,,,,German Grand Prix
55,C SAINZ,SAI,sainz,McLaren,ff8700,mclaren,Carlos,Sainz,Carlos Sainz,https://www.formula1.com/content/dam/fom-website/drivers/C/CARSAI01_Carlos_Sainz/carsai01.png,,7.0,,,0 days 00:01:13.221000,0 days 00:01:12.632000,0 days 00:01:12.897000,,,,German Grand Prix
11,S PEREZ,PER,perez,Racing Point,f596c8,racing_point,Sergio,Perez,Sergio Perez,https://www.formula1.com/content/dam/fom-website/drivers/S/SERPER01_Sergio_Perez/serper01.png,,8.0,,,0 days 00:01:13.194000,0 days 00:01:12.776000,0 days 00:01:13.065000,,,,German Grand Prix
27,N HULKENBERG,HUL,hulkenberg,Renault,fff500,renault,Nico,Hulkenberg,Nico Hulkenberg,https://www.formula1.com/content/dam/fom-website/drivers/N/NICHUL01_Nico_Hulkenberg/nichul01.png,,9.0,,,0 days 00:01:13.186000,0 days 00:01:12.766000,0 days 00:01:13.126000,,,,German Grand Prix
16,C LECLERC,LEC,leclerc,Ferrari,dc0000,ferrari,Charles,Leclerc,Charles Leclerc,https://www.formula1.com/content/dam/fom-website/drivers/C/CHALEC01_Charles_Leclerc/chalec01.png,,10.0,,,0 days 00:01:12.229000,0 days 00:01:12.344000,,,,,German Grand Prix
99,A GIOVINAZZI,GIO,giovinazzi,Alfa Romeo Racing,9b0000,alfa,Antonio,Giovinazzi,Antonio Giovinazzi,https://www.formula1.com/content/dam/fom-website/drivers/A/ANTGIO01_Antonio_Giovinazzi/antgio01.png,,11.0,,,0 days 00:01:13.170000,0 days 00:01:12.786000,,,,,German Grand Prix
20,K MAGNUSSEN,MAG,kevin_magnussen,Haas F1 Team,bd9e57,haas,Kevin,Magnussen,Kevin Magnussen,https://www.formula1.com/content/dam/fom-website/drivers/K/KEVMAG01_Kevin_Magnussen/kevmag01.png,,12.0,,,0 days 00:01:13.103000,0 days 00:01:12.789000,,,,,German Grand Prix
3,D RICCIARDO,RIC,ricciardo,Renault,fff500,renault,Daniel,Ricciardo,Daniel Ricciardo,https://www.formula1.com/content/dam/fom-website/drivers/D/DANRIC01_Daniel_Ricciardo/danric01.png,,13.0,,,0 days 00:01:13.131000,0 days 00:01:12.799000,,,,,German Grand Prix
26,D KVYAT,KVY,kvyat,Toro Rosso,469bff,toro_rosso,Daniil,Kvyat,Daniil Kvyat,https://www.formula1.com/content/dam/fom-website/drivers/D/DANKVY01_Daniil_Kvyat/dankvy01.png,,14.0,,,0 days 00:01:13.278000,0 days 00:01:13.135000,,,,,German Grand Prix
18,L STROLL,STR,stroll,Racing Point,f596c8,racing_point,Lance,Stroll,Lance Stroll,https://www.formula1.com/content/dam/fom-website/drivers/L/LANSTR01_Lance_Stroll/lanstr01.png,,15.0,,,0 days 00:01:13.256000,0 days 00:01:13.450000,,,,,German Grand Prix
4,L NORRIS,NOR,norris,McLaren,ff8700,mclaren,Lando,Norris,Lando Norris,https://www.formula1.com/content/dam/fom-website/drivers/L/LANNOR01_Lando_Norris/lannor01.png,,16.0,,,0 days 00:01:13.333000,,,,,,German Grand Prix
23,A ALBON,ALB,albon,Toro Rosso,469bff,toro_rosso,Alexander,Albon,Alexander Albon,https://www.formula1.com/content/dam/fom-website/drivers/A/ALEALB01_Alexander_Albon/alealb01.png,,17.0,,,0 days 00:01:13.461000,,,,,,German Grand Prix
63,G RUSSELL,RUS,russell,Williams,ffffff,williams,George,Russell,George Russell,https://www.formula1.com/content/dam/fom-website/drivers/G/GEORUS01_George_Russell/georus01.png,,18.0,,,0 days 00:01:14.721000,,,,,,German Grand Prix
88,R KUBICA,KUB,kubica,Williams,ffffff,williams,Robert,Kubica,Robert Kubica,https://www.formula1.com/content/dam/fom-website/drivers/R/ROBKUB01_Robert_Kubica/robkub01.png,,19.0,,,0 days 00:01:14.839000,,,,,,German Grand Prix
5,S VETTEL,VET,vettel,Ferrari,dc0000,ferrari,Sebastian,Vettel,Sebastian Vettel,https://www.formula1.com/content/dam/fom-website/drivers/S/SEBVET01_Sebastian_Vettel/sebvet01.png,,20.0,,,,,,,,,German Grand Prix
33,M VERSTAPPEN,VER,max_verstappen,Red Bull Racing,1e41ff,red_bull,Max,Verstappen,Max Verstappen,https://www.formula1.com/content/dam/fom-website/drivers/M/MAXVER01_Max_Verstappen/maxver01.png,,1.0,,,0 days 00:01:15.817000,0 days 00:01:15.573000,0 days 00:01:14.572000,,,,Hungarian Grand Prix
77,V BOTTAS,BOT,bottas,Mercedes,00d2be,mercedes,Valtteri,Bottas,Valtteri Bottas,https://www.formula1.com/content/dam/fom-website/drivers/V/VALBOT01_Valtteri_Bottas/valbot01.png,,2.0,,,0 days 00:01:16.078000,0 days 00:01:15.669000,0 days 00:01:14.590000,,,,Hungarian Grand Prix
44,L HAMILTON,HAM,hamilton,Mercedes,00d2be,mercedes,Lewis,Hamilton,Lewis Hamilton,https://www.formula1.com/content/dam/fom-website/drivers/L/LEWHAM01_Lewis_Hamilton/lewham01.png,,3.0,,,0 days 00:01:16.068000,0 days 00:01:15.548000,0 days 00:01:14.769000,,,,Hungarian Grand Prix
16,C LECLERC,LEC,leclerc,Ferrari,dc0000,ferrari,Charles,Leclerc,Charles Leclerc,https://www.formula1.com/content/dam/fom-website/drivers/C/CHALEC01_Charles_Leclerc/chalec01.png,,4.0,,,0 days 00:01:16.337000,0 days 00:01:15.792000,0 days 00:01:15.043000,,,,Hungarian Grand Prix
5,S VETTEL,VET,vettel,Ferrari,dc0000,ferrari,Sebastian,Vettel,Sebastian Vettel,https://www.formula1.com/content/dam/fom-website/drivers/S/SEBVET01_Sebastian_Vettel/sebvet01.png,,5.0,,,0 days 00:01:16.452000,0 days 00:01:15.885000,0 days 00:01:15.071000,,,,Hungarian Grand Prix
10,P GASLY,GAS,gasly,Red Bull Racing,1e41ff,red_bull,Pierre,Gasly,Pierre Gasly,https://www.formula1.com/content/dam/fom-website/drivers/P/PIEGAS01_Pierre_Gasly/piegas01.png,,6.0,,,0 days 00:01:16.716000,0 days 00:01:16.393000,0 days 00:01:15.450000,,,,Hungarian Grand Prix
4,L NORRIS,NOR,norris,McLaren,ff8700,mclaren,Lando,Norris,Lando Norris,https://www.formula1.com/content/dam/fom-website/drivers/L/LANNOR01_Lando_Norris/lannor01.png,,7.0,,,0 days 00:01:16.697000,0 days 00:01:16.060000,0 days 00:01:15.800000,,,,Hungarian Grand Prix
55,C SAINZ,SAI,sainz,McLaren,ff8700,mclaren,Carlos,Sainz,Carlos Sainz,https://www.formula1.com/content/dam/fom-website/drivers/C/CARSAI01_Carlos_Sainz/carsai01.png,,8.0,,,0 days 00:01:16.493000,0 days 00:01:16.308000,0 days 00:01:15.852000,,,,Hungarian Grand Prix
8,R GROSJEAN,GRO,grosjean,Haas F1 Team,bd9e57,haas,Romain,Grosjean,Romain Grosjean,https://www.formula1.com/content/dam/fom-website/drivers/R/ROMGRO01_Romain_Grosjean/romgro01.png,,9.0,,,0 days 00:01:16.978000,0 days 00:01:16.319000,0 days 00:01:16.013000,,,,Hungarian Grand Prix
7,K RAIKKONEN,RAI,raikkonen,Alfa Romeo Racing,9b0000,alfa,Kimi,Räikkönen,Kimi Räikkönen,https://www.formula1.com/content/dam/fom-website/drivers/K/KIMRAI01_Kimi_R%C3%A4ikk%C3%B6nen/kimrai01.png,,10.0,,,0 days 00:01:16.506000,0 days 00:01:16.518000,0 days 00:01:16.041000,,,,Hungarian Grand Prix
27,N HULKENBERG,HUL,hulkenberg,Renault,fff500,renault,Nico,Hulkenberg,Nico Hulkenberg,https://www.formula1.com/content/dam/fom-website/drivers/N/NICHUL01_Nico_Hulkenberg/nichul01.png,,11.0,,,0 days 00:01:16.790000,0 days 00:01:16.565000,,,,,Hungarian Grand Prix
23,A ALBON,ALB,albon,Toro Rosso,469bff,toro_rosso,Alexander,Albon,Alexander Albon,https://www.formula1.com/content/dam/fom-website/drivers/A/ALEALB01_Alexander_Albon/alealb01.png,,12.0,,,0 days 00:01:16.912000,0 days 00:01:16.687000,,,,,Hungarian Grand Prix
26,D KVYAT,KVY,kvyat,Toro Rosso,469bff,toro_rosso,Daniil,Kvyat,Daniil Kvyat,https://www.formula1.com/content/dam/fom-website/drivers/D/DANKVY01_Daniil_Kvyat/dankvy01.png,,13.0,,,0 days 00:01:16.750000,0 days 00:01:16.692000,,,,,Hungarian Grand Prix
99,A GIOVINAZZI,GIO,giovinazzi,Alfa Romeo Racing,9b0000,alfa,Antonio,Giovinazzi,Antonio Giovinazzi,https://www.formula1.com/content/dam/fom-website/drivers/A/ANTGIO01_Antonio_Giovinazzi/antgio01.png,,14.0,,,0 days 00:01:16.894000,0 days 00:01:16.804000,,,,,Hungarian Grand Prix
20,K MAGNUSSEN,MAG,kevin_magnussen,Haas F1 Team,bd9e57,haas,Kevin,Magnussen,Kevin Magnussen,https://www.formula1.com/content/dam/fom-website/drivers/K/KEVMAG01_Kevin_Magnussen/kevmag01.png,,15.0,,,0 days 00:01:16.122000,0 days 00:01:17.081000,,,,,Hungarian Grand Prix
63,G RUSSELL,RUS,russell,Williams,ffffff,williams,George,Russell,George Russell,https://www.formula1.com/content/dam/fom-website/drivers/G/GEORUS01_George_Russell/georus01.png,,16.0,,,0 days 00:01:17.031000,,,,,,Hungarian Grand Prix
11,S PEREZ,PER,perez,Racing Point,f596c8,racing_point,Sergio,Perez,Sergio Perez,https://www.formula1.com/content/dam/fom-website/drivers/S/SERPER01_Sergio_Perez/serper01.png,,17.0,,,0 days 00:01:17.109000,,,,,,Hungarian Grand Prix
3,D RICCIARDO,RIC,ricciardo,Renault,fff500,renault,Daniel,Ricciardo,Daniel Ricciardo,https://www.formula1.com/content/dam/fom-website/drivers/D/DANRIC01_Daniel_Ricciardo/danric01.png,,18.0,,,0 days 00:01:17.257000,,,,,,Hungarian Grand Prix
18,L STROLL,STR,stroll,Racing Point,f596c8,racing_point,Lance,Stroll,Lance Stroll,https://www.formula1.com/content/dam/fom-website/drivers/L/LANSTR01_Lance_Stroll/lanstr01.png,,19.0,,,0 days 00:01:17.542000,,,,,,Hungarian Grand Prix
88,R KUBICA,KUB,kubica,Williams,ffffff,williams,Robert,Kubica,Robert Kubica,https://www.formula1.com/content/dam/fom-website/drivers/R/ROBKUB01_Robert_Kubica/robkub01.png,,20.0,,,0 days 00:01:18.324000,,,,,,Hungarian Grand Prix
16,C LECLERC,LEC,leclerc,Ferrari,dc0000,ferrari,Charles,Leclerc,Charles Leclerc,https://www.formula1.com/content/dam/fom-website/drivers/C/CHALEC01_Charles_Leclerc/chalec01.png,,1.0,,,0 days 00:01:43.587000,0 days 00:01:42.938000,0 days 00:01:42.519000,,,,Belgian Grand Prix
5,S VETTEL,VET,vettel,Ferrari,dc0000,ferrari,Sebastian,Vettel,Sebastian Vettel,https://www.formula1.com/content/dam/fom-website/drivers/S/SEBVET01_Sebastian_Vettel/sebvet01.png,,2.0,,,0 days 00:01:44.109000,0 days 00:01:43.037000,0 days 00:01:43.267000,,,,Belgian Grand Prix
44,L HAMILTON,HAM,hamilton,Mercedes,00d2be,mercedes,Lewis,Hamilton,Lewis Hamilton,https://www.formula1.com/content/dam/fom-website/drivers/L/LEWHAM01_Lewis_Hamilton/lewham01.png,,3.0,,,0 days 00:01:45.260000,0 days 00:01:43.592000,0 days 00:01:43.282000,,,,Belgian Grand Prix
77,V BOTTAS,BOT,bottas,Mercedes,00d2be,mercedes,Valtteri,Bottas,Valtteri Bottas,https://www.formula1.com/content/dam/fom-website/drivers/V/VALBOT01_Valtteri_Bottas/valbot01.png,,4.0,,,0 days 00:01:45.141000,0 days 00:01:43.980000,0 days 00:01:43.415000,,,,Belgian Grand Prix
33,M VERSTAPPEN,VER,max_verstappen,Red Bull Racing,1e41ff,red_bull,Max,Verstappen,Max Verstappen,https://www.formula1.com/content/dam/fom-website/drivers/M/MAXVER01_Max_Verstappen/maxver01.png,,5.0,,,0 days 00:01:44.622000,0 days 00:01:44.132000,0 days 00:01:43.690000,,,,Belgian Grand Prix
3,D RICCIARDO,RIC,ricciardo,Renault,fff500,renault,Daniel,Ricciardo,Daniel Ricciardo,https://www.formula1.com/content/dam/fom-website/drivers/D/DANRIC01_Daniel_Ricciardo/danric01.png,,6.0,,,0 days 00:01:45.560000,0 days 00:01:44.103000,0 days 00:01:44.257000,,,,Belgian Grand Prix
27,N HULKENBERG,HUL,hulkenberg,Renault,fff500,renault,Nico,Hulkenberg,Nico Hulkenberg,https://www.formula1.com/content/dam/fom-website/drivers/N/NICHUL01_Nico_Hulkenberg/nichul01.png,,7.0,,,0 days 00:01:45.899000,0 days 00:01:44.549000,0 days 00:01:44.542000,,,,Belgian Grand Prix
7,K RAIKKONEN,RAI,raikkonen,Alfa Romeo Racing,9b0000,alfa,Kimi,Räikkönen,Kimi Räikkönen,https://www.formula1.com/content/dam/fom-website/drivers/K/KIMRAI01_Kimi_R%C3%A4ikk%C3%B6nen/kimrai01.png,,8.0,,,0 days 00:01:45.842000,0 days 00:01:44.140000,0 days 00:01:44.557000,,,,Belgian Grand Prix
11,S PEREZ,PER,perez,Racing Point,f596c8,racing_point,Sergio,Perez,Sergio Perez,https://www.formula1.com/content/dam/fom-website/drivers/S/SERPER01_Sergio_Perez/serper01.png,,9.0,,,0 days 00:01:45.732000,0 days 00:01:44.707000,0 days 00:01:44.706000,,,,Belgian Grand Prix
20,K MAGNUSSEN,MAG,kevin_magnussen,Haas F1 Team,bd9e57,haas,Kevin,Magnussen,Kevin Magnussen,https://www.formula1.com/content/dam/fom-website/drivers/K/KEVMAG01_Kevin_Magnussen/kevmag01.png,,10.0,,,0 days 00:01:45.839000,0 days 00:01:44.738000,0 days 00:01:45.086000,,,,Belgian Grand Prix
8,R GROSJEAN,GRO,grosjean,Haas F1 Team,bd9e57,haas,Romain,Grosjean,Romain Grosjean,https://www.formula1.com/content/dam/fom-website/drivers/R/ROMGRO01_Romain_Grosjean/romgro01.png,,11.0,,,0 days 00:01:45.694000,0 days 00:01:44.797000,,,,,Belgian Grand Prix
4,L NORRIS,NOR,norris,McLaren,ff8700,mclaren,Lando,Norris,Lando Norris,https://www.formula1.com/content/dam/fom-website/drivers/L/LANNOR01_Lando_Norris/lannor01.png,,12.0,,,0 days 00:01:46.154000,0 days 00:01:44.847000,,,,,Belgian Grand Prix
18,L STROLL,STR,stroll,Racing Point,f596c8,racing_point,Lance,Stroll,Lance Stroll,https://www.formula1.com/content/dam/fom-website/drivers/L/LANSTR01_Lance_Stroll/lanstr01.png,,13.0,,,0 days 00:01:46,0 days 00:01:45.047000,,,,,Belgian Grand Prix
23,A ALBON,ALB,albon,Red Bull Racing,1e41ff,red_bull,Alexander,Albon,Alexander Albon,https://www.formula1.com/content/dam/fom-website/drivers/A/ALEALB01_Alexander_Albon/alealb01.png,,14.0,,,0 days 00:01:45.528000,0 days 00:01:45.799000,,,,,Belgian Grand Prix
99,A GIOVINAZZI,GIO,giovinazzi,Alfa Romeo Racing,9b0000,alfa,Antonio,Giovinazzi,Antonio Giovinazzi,https://www.formula1.com/content/dam/fom-website/drivers/A/ANTGIO01_Antonio_Giovinazzi/antgio01.png,,15.0,,,0 days 00:01:45.637000,,,,,,Belgian Grand Prix
10,P GASLY,GAS,gasly,Toro Rosso,469bff,toro_rosso,Pierre,Gasly,Pierre Gasly,https://www.formula1.com/content/dam/fom-website/drivers/P/PIEGAS01_Pierre_Gasly/piegas01.png,,16.0,,,0 days 00:01:46.435000,,,,,,Belgian Grand Prix
55,C SAINZ,SAI,sainz,McLaren,ff8700,mclaren,Carlos,Sainz,Carlos Sainz,https://www.formula1.com/content/dam/fom-website/drivers/C/CARSAI01_Carlos_Sainz/carsai01.png,,17.0,,,0 days 00:01:46.507000,,,,,,Belgian Grand Prix
26,D KVYAT,KVY,kvyat,Toro Rosso,469bff,toro_rosso,Daniil,Kvyat,Daniil Kvyat,https://www.formula1.com/content/dam/fom-website/drivers/D/DANKVY01_Daniil_Kvyat/dankvy01.png,,18.0,,,0 days 00:01:46.518000,,,,,,Belgian Grand Prix
63,G RUSSELL,RUS,russell,Williams,ffffff,williams,George,Russell,George Russell,https://www.formula1.com/content/dam/fom-website/drivers/G/GEORUS01_George_Russell/georus01.png,,19.0,,,0 days 00:01:47.548000,,,,,,Belgian Grand Prix
88,R KUBICA,KUB,kubica,Williams,ffffff,williams,Robert,Kubica,Robert Kubica,https://www.formula1.com/content/dam/fom-website/drivers/R/ROBKUB01_Robert_Kubica/robkub01.png,,20.0,,,,,,,,,Belgian Grand Prix
16,C LECLERC,LEC,leclerc,Ferrari,dc0000,ferrari,Charles,Leclerc,Charles Leclerc,https://www.formula1.com/content/dam/fom-website/drivers/C/CHALEC01_Charles_Leclerc/chalec01.png,,1.0,,,0 days 00:01:20.126000,0 days 00:01:19.553000,0 days 00:01:19.307000,,,,Italian Grand Prix
44,L HAMILTON,HAM,hamilton,Mercedes,00d2be,mercedes,Lewis,Hamilton,Lewis Hamilton,https://www.formula1.com/content/dam/fom-website/drivers/L/LEWHAM01_Lewis_Hamilton/lewham01.png,,2.0,,,0 days 00:01:20.272000,0 days 00:01:19.464000,0 days 00:01:19.346000,,,,Italian Grand Prix
77,V BOTTAS,BOT,bottas,Mercedes,00d2be,mercedes,Valtteri,Bottas,Valtteri Bottas,https://www.formula1.com/content/dam/fom-website/drivers/V/VALBOT01_Valtteri_Bottas/valbot01.png,,3.0,,,0 days 00:01:20.156000,0 days 00:01:20.018000,0 days 00:01:19.354000,,,,Italian Grand Prix
5,S VETTEL,VET,vettel,Ferrari,dc0000,ferrari,Sebastian,Vettel,Sebastian Vettel,https://www.formula1.com/content/dam/fom-website/drivers/S/SEBVET01_Sebastian_Vettel/sebvet01.png,,4.0,,,0 days 00:01:20.378000,0 days 00:01:19.715000,0 days 00:01:19.457000,,,,Italian Grand Prix
3,D RICCIARDO,RIC,ricciardo,Renault,fff500,renault,Daniel,Ricciardo,Daniel Ricciardo,https://www.formula1.com/content/dam/fom-website/drivers/D/DANRIC01_Daniel_Ricciardo/danric01.png,,5.0,,,0 days 00:01:20.374000,0 days 00:01:19.833000,0 days 00:01:19.839000,,,,Italian Grand Prix
27,N HULKENBERG,HUL,hulkenberg,Renault,fff500,renault,Nico,Hulkenberg,Nico Hulkenberg,https://www.formula1.com/content/dam/fom-website/drivers/N/NICHUL01_Nico_Hulkenberg/nichul01.png,,6.0,,,0 days 00:01:20.155000,0 days 00:01:20.275000,0 days 00:01:20.049000,,,,Italian Grand Prix
55,C SAINZ,SAI,sainz,McLaren,ff8700,mclaren,Carlos,Sainz,Carlos Sainz,https://www.formula1.com/content/dam/fom-website/drivers/C/CARSAI01_Carlos_Sainz/carsai01.png,,7.0,,,0 days 00:01:20.413000,0 days 00:01:20.202000,0 days 00:01:20.455000,,,,Italian Grand Prix
23,A ALBON,ALB,albon,Red Bull Racing,1e41ff,red_bull,Alexander,Albon,Alexander Albon,https://www.formula1.com/content/dam/fom-website/drivers/A/ALEALB01_Alexander_Albon/alealb01.png,,8.0,,,0 days 00:01:20.382000,0 days 00:01:20.021000,,,,,Italian Grand Prix
18,L STROLL,STR,stroll,Racing Point,f596c8,racing_point,Lance,Stroll,Lance Stroll,https://www.formula1.com/content/dam/fom-website/drivers/L/LANSTR01_Lance_Stroll/lanstr01.png,,9.0,,,0 days 00:01:20.643000,0 days 00:01:20.498000,,,,,Italian Grand Prix
7,K RAIKKONEN,RAI,raikkonen,Alfa Romeo Racing,9b0000,alfa,Kimi,Räikkönen,Kimi Räikkönen,https://www.formula1.com/content/dam/fom-website/drivers/K/KIMRAI01_Kimi_R%C3%A4ikk%C3%B6nen/kimrai01.png,,10.0,,,0 days 00:01:20.634000,0 days 00:01:20.515000,,,,,Italian Grand Prix
99,A GIOVINAZZI,GIO,giovinazzi,Alfa Romeo Racing,9b0000,alfa,Antonio,Giovinazzi,Antonio Giovinazzi,https://www.formula1.com/content/dam/fom-website/drivers/A/ANTGIO01_Antonio_Giovinazzi/antgio01.png,,11.0,,,0 days 00:01:20.657000,0 days 00:01:20.517000,,,,,Italian Grand Prix
20,K MAGNUSSEN,MAG,kevin_magnussen,Haas F1 Team,bd9e57,haas,Kevin,Magnussen,Kevin Magnussen,https://www.formula1.com/content/dam/fom-website/drivers/K/KEVMAG01_Kevin_Magnussen/kevmag01.png,,12.0,,,0 days 00:01:20.616000,0 days 00:01:20.615000,,,,,Italian Grand Prix
26,D KVYAT,KVY,kvyat,Toro Rosso,469bff,toro_rosso,Daniil,Kvyat,Daniil Kvyat,https://www.formula1.com/content/dam/fom-website/drivers/D/DANKVY01_Daniil_Kvyat/dankvy01.png,,13.0,,,0 days 00:01:20.723000,0 days 00:01:20.630000,,,,,Italian Grand Prix
4,L NORRIS,NOR,norris,McLaren,ff8700,mclaren,Lando,Norris,Lando Norris,https://www.formula1.com/content/dam/fom-website/drivers/L/LANNOR01_Lando_Norris/lannor01.png,,14.0,,,0 days 00:01:20.646000,0 days 00:01:21.068000,,,,,Italian Grand Prix
10,P GASLY,GAS,gasly,Toro Rosso,469bff,toro_rosso,Pierre,Gasly,Pierre Gasly,https://www.formula1.com/content/dam/fom-website/drivers/P/PIEGAS01_Pierre_Gasly/piegas01.png,,15.0,,,0 days 00:01:20.508000,0 days 00:01:21.125000,,,,,Italian Grand Prix
8,R GROSJEAN,GRO,grosjean,Haas F1 Team,bd9e57,haas,Romain,Grosjean,Romain Grosjean,https://www.formula1.com/content/dam/fom-website/drivers/R/ROMGRO01_Romain_Grosjean/romgro01.png,,16.0,,,0 days 00:01:20.784000,,,,,,Italian Grand Prix
11,S PEREZ,PER,perez,Racing Point,f596c8,racing_point,Sergio,Perez,Sergio Perez,https://www.formula1.com/content/dam/fom-website/drivers/S/SERPER01_Sergio_Perez/serper01.png,,17.0,,,0 days 00:01:21.291000,,,,,,Italian Grand Prix
63,G RUSSELL,RUS,russell,Williams,ffffff,williams,George,Russell,George Russell,https://www.formula1.com/content/dam/fom-website/drivers/G/GEORUS01_George_Russell/georus01.png,,18.0,,,0 days 00:01:21.800000,,,,,,Italian Grand Prix
88,R KUBICA,KUB,kubica,Williams,ffffff,williams,Robert,Kubica,Robert Kubica,https://www.formula1.com/content/dam/fom-website/drivers/R/ROBKUB01_Robert_Kubica/robkub01.png,,19.0,,,0 days 00:01:22.356000,,,,,,Italian Grand Prix
33,M VERSTAPPEN,VER,max_verstappen,Red Bull Racing,1e41ff,red_bull,Max,Verstappen,Max Verstappen,https://www.formula1.com/content/dam/fom-website/drivers/M/MAXVER01_Max_Verstappen/maxver01.png,,20.0,,,,,,,,,Italian Grand Prix
16,C LECLERC,LEC,leclerc,Ferrari,dc0000,ferrari,Charles,Leclerc,Charles Leclerc,https://www.formula1.com/content/dam/fom-website/drivers/C/CHALEC01_Charles_Leclerc/chalec01.png,,1.0,,,0 days 00:01:38.014000,0 days 00:01:36.650000,0 days 00:01:36.217000,,,,Singapore Grand Prix
44,L HAMILTON,HAM,hamilton,Mercedes,00d2be,mercedes,Lewis,Hamilton,Lewis Hamilton,https://www.formula1.com/content/dam/fom-website/drivers/L/LEWHAM01_Lewis_Hamilton/lewham01.png,,2.0,,,0 days 00:01:37.565000,0 days 00:01:36.933000,0 days 00:01:36.408000,,,,Singapore Grand Prix
5,S VETTEL,VET,vettel,Ferrari,dc0000,ferrari,Sebastian,Vettel,Sebastian Vettel,https://www.formula1.com/content/dam/fom-website/drivers/S/SEBVET01_Sebastian_Vettel/sebvet01.png,,3.0,,,0 days 00:01:38.374000,0 days 00:01:36.720000,0 days 00:01:36.437000,,,,Singapore Grand Prix
33,M VERSTAPPEN,VER,max_verstappen,Red Bull Racing,1e41ff,red_bull,Max,Verstappen,Max Verstappen,https://www.formula1.com/content/dam/fom-website/drivers/M/MAXVER01_Max_Verstappen/maxver01.png,,4.0,,,0 days 00:01:38.540000,0 days 00:01:37.089000,0 days 00:01:36.813000,,,,Singapore Grand Prix
77,V BOTTAS,BOT,bottas,Mercedes,00d2be,mercedes,Valtteri,Bottas,Valtteri Bottas,https://www.formula1.com/content/dam/fom-website/drivers/V/VALBOT01_Valtteri_Bottas/valbot01.png,,5.0,,,0 days 00:01:37.317000,0 days 00:01:37.142000,0 days 00:01:37.146000,,,,Singapore Grand Prix
23,A ALBON,ALB,albon,Red Bull Racing,1e41ff,red_bull,Alexander,Albon,Alexander Albon,https://www.formula1.com/content/dam/fom-website/drivers/A/ALEALB01_Alexander_Albon/alealb01.png,,6.0,,,0 days 00:01:39.106000,0 days 00:01:37.865000,0 days 00:01:37.411000,,,,Singapore Grand Prix
55,C SAINZ,SAI,sainz,McLaren,ff8700,mclaren,Carlos,Sainz,Carlos Sainz,https://www.formula1.com/content/dam/fom-website/drivers/C/CARSAI01_Carlos_Sainz/carsai01.png,,7.0,,,0 days 00:01:38.882000,0 days 00:01:37.982000,0 days 00:01:37.818000,,,,Singapore Grand Prix
27,N HULKENBERG,HUL,hulkenberg,Renault,fff500,renault,Nico,Hulkenberg,Nico Hulkenberg,https://www.formula1.com/content/dam/fom-website/drivers/N/NICHUL01_Nico_Hulkenberg/nichul01.png,,8.0,,,0 days 00:01:39.001000,0 days 00:01:38.580000,0 days 00:01:38.264000,,,,Singapore Grand Prix
4,L NORRIS,NOR,norris,McLaren,ff8700,mclaren,Lando,Norris,Lando Norris,https://www.formula1.com/content/dam/fom-website/drivers/L/LANNOR01_Lando_Norris/lannor01.png,,9.0,,,0 days 00:01:38.606000,0 days 00:01:37.572000,0 days 00:01:38.329000,,,,Singapore Grand Prix
11,S PEREZ,PER,perez,Racing Point,f596c8,racing_point,Sergio,Perez,Sergio Perez,https://www.formula1.com/content/dam/fom-website/drivers/S/SERPER01_Sergio_Perez/serper01.png,,10.0,,,0 days 00:01:39.909000,0 days 00:01:38.520000,,,,,Singapore Grand Prix
99,A GIOVINAZZI,GIO,giovinazzi,Alfa Romeo Racing,9b0000,alfa,Antonio,Giovinazzi,Antonio Giovinazzi,https://www.formula1.com/content/dam/fom-website/drivers/A/ANTGIO01_Antonio_Giovinazzi/antgio01.png,,11.0,,,0 days 00:01:39.272000,0 days 00:01:38.697000,,,,,Singapore Grand Prix
10,P GASLY,GAS,gasly,Toro Rosso,469bff,toro_rosso,Pierre,Gasly,Pierre Gasly,https://www.formula1.com/content/dam/fom-website/drivers/P/PIEGAS01_Pierre_Gasly/piegas01.png,,12.0,,,0 days 00:01:39.085000,0 days 00:01:38.699000,,,,,Singapore Grand Prix
7,K RAIKKONEN,RAI,raikkonen,Alfa Romeo Racing,9b0000,alfa,Kimi,Räikkönen,Kimi Räikkönen,https://www.formula1.com/content/dam/fom-website/drivers/K/KIMRAI01_Kimi_R%C3%A4ikk%C3%B6nen/kimrai01.png,,13.0,,,0 days 00:01:39.454000,0 days 00:01:38.858000,,,,,Singapore Grand Prix
20,K MAGNUSSEN,MAG,kevin_magnussen,Haas F1 Team,bd9e57,haas,Kevin,Magnussen,Kevin Magnussen,https://www.formula1.com/content/dam/fom-website/drivers/K/KEVMAG01_Kevin_Magnussen/kevmag01.png,,14.0,,,0 days 00:01:39.942000,0 days 00:01:39.650000,,,,,Singapore Grand Prix
26,D KVYAT,KVY,kvyat,Toro Rosso,469bff,toro_rosso,Daniil,Kvyat,Daniil Kvyat,https://www.formula1.com/content/dam/fom-website/drivers/D/DANKVY01_Daniil_Kvyat/dankvy01.png,,15.0,,,0 days 00:01:39.957000,,,,,,Singapore Grand Prix
18,L STROLL,STR,stroll,Racing Point,f596c8,racing_point,Lance,Stroll,Lance Stroll,https://www.formula1.com/content/dam/fom-website/drivers/L/LANSTR01_Lance_Stroll/lanstr01.png,,16.0,,,0 days 00:01:39.979000,,,,,,Singapore Grand Prix
8,R GROSJEAN,GRO,grosjean,Haas F1 Team,bd9e57,haas,Romain,Grosjean,Romain Grosjean,https://www.formula1.com/content/dam/fom-website/drivers/R/ROMGRO01_Romain_Grosjean/romgro01.png,,17.0,,,0 days 00:01:40.277000,,,,,,Singapore Grand Prix
63,G RUSSELL,RUS,russell,Williams,ffffff,williams,George,Russell,George Russell,https://www.formula1.com/content/dam/fom-website/drivers/G/GEORUS01_George_Russell/georus01.png,,18.0,,,0 days 00:01:40.867000,,,,,,Singapore Grand Prix
88,R KUBICA,KUB,kubica,Williams,ffffff,williams,Robert,Kubica,Robert Kubica,https://www.formula1.com/content/dam/fom-website/drivers/R/ROBKUB01_Robert_Kubica/robkub01.png,,19.0,,,0 days 00:01:41.186000,,,,,,Singapore Grand Prix
3,D RICCIARDO,RIC,ricciardo,Renault,fff500,renault,Daniel,Ricciardo,Daniel Ricciardo,https://www.formula1.com/content/dam/fom-website/drivers/D/DANRIC01_Daniel_Ricciardo/danric01.png,,20.0,,,,,,,,,Singapore Grand Prix
16,C LECLERC,LEC,leclerc,Ferrari,dc0000,ferrari,Charles,Leclerc,Charles Leclerc,https://www.formula1.com/content/dam/fom-website/drivers/C/CHALEC01_Charles_Leclerc/chalec01.png,,1.0,,,0 days 00:01:33.613000,0 days 00:01:32.434000,0 days 00:01:31.628000,,,,Russian Grand Prix
44,L HAMILTON,HAM,hamilton,Mercedes,00d2be,mercedes,Lewis,Hamilton,Lewis Hamilton,https://www.formula1.com/content/dam/fom-website/drivers/L/LEWHAM01_Lewis_Hamilton/lewham01.png,,2.0,,,0 days 00:01:33.230000,0 days 00:01:33.134000,0 days 00:01:32.030000,,,,Russian Grand Prix
5,S VETTEL,VET,vettel,Ferrari,dc0000,ferrari,Sebastian,Vettel,Sebastian Vettel,https://www.formula1.com/content/dam/fom-website/drivers/S/SEBVET01_Sebastian_Vettel/sebvet01.png,,3.0,,,0 days 00:01:33.032000,0 days 00:01:32.536000,0 days 00:01:32.053000,,,,Russian Grand Prix
33,M VERSTAPPEN,VER,max_verstappen,Red Bull Racing,1e41ff,red_bull,Max,Verstappen,Max Verstappen,https://www.formula1.com/content/dam/fom-website/drivers/M/MAXVER01_Max_Verstappen/maxver01.png,,4.0,,,0 days 00:01:33.368000,0 days 00:01:32.634000,0 days 00:01:32.310000,,,,Russian Grand Prix
77,V BOTTAS,BOT,bottas,Mercedes,00d2be,mercedes,Valtteri,Bottas,Valtteri Bottas,https://www.formula1.com/content/dam/fom-website/drivers/V/VALBOT01_Valtteri_Bottas/valbot01.png,,5.0,,,0 days 00:01:33.413000,0 days 00:01:33.281000,0 days 00:01:32.632000,,,,Russian Grand Prix
55,C SAINZ,SAI,sainz,McLaren,ff8700,mclaren,Carlos,Sainz,Carlos Sainz,https://www.formula1.com/content/dam/fom-website/drivers/C/CARSAI01_Carlos_Sainz/carsai01.png,,6.0,,,0 days 00:01:34.184000,0 days 00:01:33.807000,0 days 00:01:33.222000,,,,Russian Grand Prix
27,N HULKENBERG,HUL,hulkenberg,Renault,fff500,renault,Nico,Hulkenberg,Nico Hulkenberg,https://www.formula1.com/content/dam/fom-website/drivers/N/NICHUL01_Nico_Hulkenberg/nichul01.png,,7.0,,,0 days 00:01:34.236000,0 days 00:01:33.898000,0 days 00:01:33.289000,,,,Russian Grand Prix
4,L NORRIS,NOR,norris,McLaren,ff8700,mclaren,Lando,Norris,Lando Norris,https://www.formula1.com/content/dam/fom-website/drivers/L/LANNOR01_Lando_Norris/lannor01.png,,8.0,,,0 days 00:01:34.201000,0 days 00:01:33.725000,0 days 00:01:33.301000,,,,Russian Grand Prix
8,R GROSJEAN,GRO,grosjean,Haas F1 Team,bd9e57,haas,Romain,Grosjean,Romain Grosjean,https://www.formula1.com/content/dam/fom-website/drivers/R/ROMGRO01_Romain_Grosjean/romgro01.png,,9.0,,,0 days 00:01:34.283000,0 days 00:01:33.643000,0 days 00:01:33.517000,,,,Russian Grand Prix
3,D RICCIARDO,RIC,ricciardo,Renault,fff500,renault,Daniel,Ricciardo,Daniel Ricciardo,https://www.formula1.com/content/dam/fom-website/drivers/D/DANRIC01_Daniel_Ricciardo/danric01.png,,10.0,,,0 days 00:01:34.138000,0 days 00:01:33.862000,0 days 00:01:33.661000,,,,Russian Grand Prix
10,P GASLY,GAS,gasly,Toro Rosso,469bff,toro_rosso,Pierre,Gasly,Pierre Gasly,https://www.formula1.com/content/dam/fom-website/drivers/P/PIEGAS01_Pierre_Gasly/piegas01.png,,11.0,,,0 days 00:01:34.456000,0 days 00:01:33.950000,,,,,Russian Grand Prix
11,S PEREZ,PER,perez,Racing Point,f596c8,racing_point,Sergio,Perez,Sergio Perez,https://www.formula1.com/content/dam/fom-website/drivers/S/SERPER01_Sergio_Perez/serper01.png,,12.0,,,0 days 00:01:34.336000,0 days 00:01:33.958000,,,,,Russian Grand Prix
99,A GIOVINAZZI,GIO,giovinazzi,Alfa Romeo Racing,9b0000,alfa,Antonio,Giovinazzi,Antonio Giovinazzi,https://www.formula1.com/content/dam/fom-website/drivers/A/ANTGIO01_Antonio_Giovinazzi/antgio01.png,,13.0,,,0 days 00:01:34.755000,0 days 00:01:34.037000,,,,,Russian Grand Prix
20,K MAGNUSSEN,MAG,kevin_magnussen,Haas F1 Team,bd9e57,haas,Kevin,Magnussen,Kevin Magnussen,https://www.formula1.com/content/dam/fom-website/drivers/K/KEVMAG01_Kevin_Magnussen/kevmag01.png,,14.0,,,0 days 00:01:33.889000,0 days 00:01:34.082000,,,,,Russian Grand Prix
18,L STROLL,STR,stroll,Racing Point,f596c8,racing_point,Lance,Stroll,Lance Stroll,https://www.formula1.com/content/dam/fom-website/drivers/L/LANSTR01_Lance_Stroll/lanstr01.png,,15.0,,,0 days 00:01:34.287000,0 days 00:01:34.233000,,,,,Russian Grand Prix
7,K RAIKKONEN,RAI,raikkonen,Alfa Romeo Racing,9b0000,alfa,Kimi,Räikkönen,Kimi Räikkönen,https://www.formula1.com/content/dam/fom-website/drivers/K/KIMRAI01_Kimi_R%C3%A4ikk%C3%B6nen/kimrai01.png,,16.0,,,0 days 00:01:34.840000,,,,,,Russian Grand Prix
63,G RUSSELL,RUS,russell,Williams,ffffff,williams,George,Russell,George Russell,https://www.formula1.com/content/dam/fom-website/drivers/G/GEORUS01_George_Russell/georus01.png,,17.0,,,0 days 00:01:35.356000,,,,,,Russian Grand Prix
88,R KUBICA,KUB,kubica,Williams,ffffff,williams,Robert,Kubica,Robert Kubica,https://www.formula1.com/content/dam/fom-website/drivers/R/ROBKUB01_Robert_Kubica/robkub01.png,,18.0,,,0 days 00:01:36.474000,,,,,,Russian Grand Prix
23,A ALBON,ALB,albon,Red Bull Racing,1e41ff,red_bull,Alexander,Albon,Alexander Albon,https://www.formula1.com/content/dam/fom-website/drivers/A/ALEALB01_Alexander_Albon/alealb01.png,,19.0,,,0 days 00:01:39.197000,,,,,,Russian Grand Prix
26,D KVYAT,KVY,kvyat,Toro Rosso,469bff,toro_rosso,Daniil,Kvyat,Daniil Kvyat,https://www.formula1.com/content/dam/fom-website/drivers/D/DANKVY01_Daniil_Kvyat/dankvy01.png,,20.0,,,0 days 00:01:39.544000,,,,,,Russian Grand Prix
5,S VETTEL,VET,vettel,Ferrari,dc0000,ferrari,Sebastian,Vettel,Sebastian Vettel,https://www.formula1.com/content/dam/fom-website/drivers/S/SEBVET01_Sebastian_Vettel/sebvet01.png,,1.0,,,0 days 00:01:28.988000,0 days 00:01:28.174000,0 days 00:01:27.064000,,,,Japanese Grand Prix
16,C LECLERC,LEC,leclerc,Ferrari,dc0000,ferrari,Charles,Leclerc,Charles Leclerc,https://www.formula1.com/content/dam/fom-website/drivers/C/CHALEC01_Charles_Leclerc/chalec01.png,,2.0,,,0 days 00:01:28.405000,0 days 00:01:28.179000,0 days 00:01:27.253000,,,,Japanese Grand Prix
77,V BOTTAS,BOT,bottas,Mercedes,00d2be,mercedes,Valtteri,Bottas,Valtteri Bottas,https://www.formula1.com/content/dam/fom-website/drivers/V/VALBOT01_Valtteri_Bottas/valbot01.png,,3.0,,,0 days 00:01:28.896000,0 days 00:01:27.688000,0 days 00:01:27.293000,,,,Japanese Grand Prix
44,L HAMILTON,HAM,hamilton,Mercedes,00d2be,mercedes,Lewis,Hamilton,Lewis Hamilton,https://www.formula1.com/content/dam/fom-website/drivers/L/LEWHAM01_Lewis_Hamilton/lewham01.png,,4.0,,,0 days 00:01:28.735000,0 days 00:01:27.826000,0 days 00:01:27.302000,,,,Japanese Grand Prix
33,M VERSTAPPEN,VER,max_verstappen,Red Bull Racing,1e41ff,red_bull,Max,Verstappen,Max Verstappen,https://www.formula1.com/content/dam/fom-website/drivers/M/MAXVER01_Max_Verstappen/maxver01.png,,5.0,,,0 days 00:01:28.754000,0 days 00:01:28.499000,0 days 00:01:27.851000,,,,Japanese Grand Prix
23,A ALBON,ALB,albon,Red Bull Racing,1e41ff,red_bull,Alexander,Albon,Alexander Albon,https://www.formula1.com/content/dam/fom-website/drivers/A/ALEALB01_Alexander_Albon/alealb01.png,,6.0,,,0 days 00:01:29.351000,0 days 00:01:28.156000,0 days 00:01:27.851000,,,,Japanese Grand Prix
55,C SAINZ,SAI,sainz,McLaren,ff8700,mclaren,Carlos,Sainz,Carlos Sainz,https://www.formula1.com/content/dam/fom-website/drivers/C/CARSAI01_Carlos_Sainz/carsai01.png,,7.0,,,0 days 00:01:29.018000,0 days 00:01:28.577000,0 days 00:01:28.304000,,,,Japanese Grand Prix
4,L NORRIS,NOR,norris,McLaren,ff8700,mclaren,Lando,Norris,Lando Norris,https://www.formula1.com/content/dam/fom-website/drivers/L/LANNOR01_Lando_Norris/lannor01.png,,8.0,,,0 days 00:01:28.873000,0 days 00:01:28.571000,0 days 00:01:28.464000,,,,Japanese Grand Prix
10,P GASLY,GAS,gasly,Toro Rosso,469bff,toro_rosso,Pierre,Gasly,Pierre Gasly,https://www.formula1.com/content/dam/fom-website/drivers/P/PIEGAS01_Pierre_Gasly/piegas01.png,,9.0,,,0 days 00:01:29.411000,0 days 00:01:28.779000,0 days 00:01:28.836000,,,,Japanese Grand Prix
8,R GROSJEAN,GRO,grosjean,Haas F1 Team,bd9e57,haas,Romain,Grosjean,Romain Grosjean,https://www.formula1.com/content/dam/fom-website/drivers/R/ROMGRO01_Romain_Grosjean/romgro01.png,,10.0,,,0 days 00:01:29.572000,0 days 00:01:29.144000,0 days 00:01:29.341000,,,,Japanese Grand Prix
99,A GIOVINAZZI,GIO,giovinazzi,Alfa Romeo Racing,9b0000,alfa,Antonio,Giovinazzi,Antonio Giovinazzi,https://www.formula1.com/content/dam/fom-website/drivers/A/ANTGIO01_Antonio_Giovinazzi/antgio01.png,,11.0,,,0 days 00:01:29.604000,0 days 00:01:29.254000,,,,,Japanese Grand Prix
18,L STROLL,STR,stroll,Racing Point,f596c8,racing_point,Lance,Stroll,Lance Stroll,https://www.formula1.com/content/dam/fom-website/drivers/L/LANSTR01_Lance_Stroll/lanstr01.png,,12.0,,,0 days 00:01:29.594000,0 days 00:01:29.345000,,,,,Japanese Grand Prix
7,K RAIKKONEN,RAI,raikkonen,Alfa Romeo Racing,9b0000,alfa,Kimi,Räikkönen,Kimi Räikkönen,https://www.formula1.com/content/dam/fom-website/drivers/K/KIMRAI01_Kimi_R%C3%A4ikk%C3%B6nen/kimrai01.png,,13.0,,,0 days 00:01:29.636000,0 days 00:01:29.358000,,,,,Japanese Grand Prix
26,D KVYAT,KVY,kvyat,Toro Rosso,469bff,toro_rosso,Daniil,Kvyat,Daniil Kvyat,https://www.formula1.com/content/dam/fom-website/drivers/D/DANKVY01_Daniil_Kvyat/dankvy01.png,,14.0,,,0 days 00:01:29.723000,0 days 00:01:29.563000,,,,,Japanese Grand Prix
27,N HULKENBERG,HUL,hulkenberg,Renault,fff500,renault,Nico,Hulkenberg,Nico Hulkenberg,https://www.formula1.com/content/dam/fom-website/drivers/N/NICHUL01_Nico_Hulkenberg/nichul01.png,,15.0,,,0 days 00:01:29.619000,0 days 00:01:30.112000,,,,,Japanese Grand Prix
3,D RICCIARDO,RIC,ricciardo,Renault,fff500,renault,Daniel,Ricciardo,Daniel Ricciardo,https://www.formula1.com/content/dam/fom-website/drivers/D/DANRIC01_Daniel_Ricciardo/danric01.png,,16.0,,,0 days 00:01:29.822000,,,,,,Japanese Grand Prix
11,S PEREZ,PER,perez,Racing Point,f596c8,racing_point,Sergio,Perez,Sergio Perez,https://www.formula1.com/content/dam/fom-website/drivers/S/SERPER01_Sergio_Perez/serper01.png,,17.0,,,0 days 00:01:30.344000,,,,,,Japanese Grand Prix
63,G RUSSELL,RUS,russell,Williams,ffffff,williams,George,Russell,George Russell,https://www.formula1.com/content/dam/fom-website/drivers/G/GEORUS01_George_Russell/georus01.png,,18.0,,,0 days 00:01:30.364000,,,,,,Japanese Grand Prix
20,K MAGNUSSEN,MAG,kevin_magnussen,Haas F1 Team,bd9e57,haas,Kevin,Magnussen,Kevin Magnussen,https://www.formula1.com/content/dam/fom-website/drivers/K/KEVMAG01_Kevin_Magnussen/kevmag01.png,,19.0,,,,,,,,,Japanese Grand Prix
88,R KUBICA,KUB,kubica,Williams,ffffff,williams,Robert,Kubica,Robert Kubica,https://www.formula1.com/content/dam/fom-website/drivers/R/ROBKUB01_Robert_Kubica/robkub01.png,,20.0,,,,,,,,,Japanese Grand Prix
33,M VERSTAPPEN,VER,max_verstappen,Red Bull Racing,1e41ff,red_bull,Max,Verstappen,Max Verstappen,https://www.formula1.com/content/dam/fom-website/drivers/M/MAXVER01_Max_Verstappen/maxver01.png,,1.0,,,0 days 00:01:15.949000,0 days 00:01:16.136000,0 days 00:01:14.758000,,,,Mexican Grand Prix
16,C LECLERC,LEC,leclerc,Ferrari,dc0000,ferrari,Charles,Leclerc,Charles Leclerc,https://www.formula1.com/content/dam/fom-website/drivers/C/CHALEC01_Charles_Leclerc/chalec01.png,,2.0,,,0 days 00:01:16.364000,0 days 00:01:16.219000,0 days 00:01:15.024000,,,,Mexican Grand Prix
5,S VETTEL,VET,vettel,Ferrari,dc0000,ferrari,Sebastian,Vettel,Sebastian Vettel,https://www.formula1.com/content/dam/fom-website/drivers/S/SEBVET01_Sebastian_Vettel/sebvet01.png,,3.0,,,0 days 00:01:16.696000,0 days 00:01:15.914000,0 days 00:01:15.170000,,,,Mexican Grand Prix
44,L HAMILTON,HAM,hamilton,Mercedes,00d2be,mercedes,Lewis,Hamilton,Lewis Hamilton,https://www.formula1.com/content/dam/fom-website/drivers/L/LEWHAM01_Lewis_Hamilton/lewham01.png,,4.0,,,0 days 00:01:16.424000,0 days 00:01:15.721000,0 days 00:01:15.262000,,,,Mexican Grand Prix
23,A ALBON,ALB,albon,Red Bull Racing,1e41ff,red_bull,Alexander,Albon,Alexander Albon,https://www.formula1.com/content/dam/fom-website/drivers/A/ALEALB01_Alexander_Albon/alealb01.png,,5.0,,,0 days 00:01:16.175000,0 days 00:01:16.574000,0 days 00:01:15.336000,,,,Mexican Grand Prix
77,V BOTTAS,BOT,bottas,Mercedes,00d2be,mercedes,Valtteri,Bottas,Valtteri Bottas,https://www.formula1.com/content/dam/fom-website/drivers/V/VALBOT01_Valtteri_Bottas/valbot01.png,,6.0,,,0 days 00:01:17.062000,0 days 00:01:15.852000,0 days 00:01:15.338000,,,,Mexican Grand Prix
55,C SAINZ,SAI,sainz,McLaren,ff8700,mclaren,Carlos,Sainz,Carlos Sainz,https://www.formula1.com/content/dam/fom-website/drivers/C/CARSAI01_Carlos_Sainz/carsai01.png,,7.0,,,0 days 00:01:17.044000,0 days 00:01:16.267000,0 days 00:01:16.014000,,,,Mexican Grand Prix
4,L NORRIS,NOR,norris,McLaren,ff8700,mclaren,Lando,Norris,Lando Norris,https://www.formula1.com/content/dam/fom-website/drivers/L/LANNOR01_Lando_Norris/lannor01.png,,8.0,,,0 days 00:01:17.092000,0 days 00:01:16.447000,0 days 00:01:16.322000,,,,Mexican Grand Prix
26,D KVYAT,KVY,kvyat,Toro Rosso,469bff,toro_rosso,Daniil,Kvyat,Daniil Kvyat,https://www.formula1.com/content/dam/fom-website/drivers/D/DANKVY01_Daniil_Kvyat/dankvy01.png,,9.0,,,0 days 00:01:17.041000,0 days 00:01:16.657000,0 days 00:01:16.469000,,,,Mexican Grand Prix
10,P GASLY,GAS,gasly,Toro Rosso,469bff,toro_rosso,Pierre,Gasly,Pierre Gasly,https://www.formula1.com/content/dam/fom-website/drivers/P/PIEGAS01_Pierre_Gasly/piegas01.png,,10.0,,,0 days 00:01:17.065000,0 days 00:01:16.679000,0 days 00:01:16.586000,,,,Mexican Grand Prix
11,S PEREZ,PER,perez,Racing Point,f596c8,racing_point,Sergio,Perez,Sergio Perez,https://www.formula1.com/content/dam/fom-website/drivers/S/SERPER01_Sergio_Perez/serper01.png,,11.0,,,0 days 00:01:17.465000,0 days 00:01:16.687000,,,,,Mexican Grand Prix
27,N HULKENBERG,HUL,hulkenberg,Renault,fff500,renault,Nico,Hulkenberg,Nico Hulkenberg,https://www.formula1.com/content/dam/fom-website/drivers/N/NICHUL01_Nico_Hulkenberg/nichul01.png,,12.0,,,0 days 00:01:17.608000,0 days 00:01:16.885000,,,,,Mexican Grand Prix
3,D RICCIARDO,RIC,ricciardo,Renault,fff500,renault,Daniel,Ricciardo,Daniel Ricciardo,https://www.formula1.com/content/dam/fom-website/drivers/D/DANRIC01_Daniel_Ricciardo/danric01.png,,13.0,,,0 days 00:01:17.270000,0 days 00:01:16.933000,,,,,Mexican Grand Prix
7,K RAIKKONEN,RAI,raikkonen,Alfa Romeo Racing,9b0000,alfa,Kimi,Räikkönen,Kimi Räikkönen,https://www.formula1.com/content/dam/fom-website/drivers/K/KIMRAI01_Kimi_R%C3%A4ikk%C3%B6nen/kimrai01.png,,14.0,,,0 days 00:01:17.225000,0 days 00:01:16.967000,,,,,Mexican Grand Prix
99,A GIOVINAZZI,GIO,giovinazzi,Alfa Romeo Racing,9b0000,alfa,Antonio,Giovinazzi,Antonio Giovinazzi,https://www.formula1.com/content/dam/fom-website/drivers/A/ANTGIO01_Antonio_Giovinazzi/antgio01.png,,15.0,,,0 days 00:01:17.794000,0 days 00:01:17.269000,,,,,Mexican Grand Prix
18,L STROLL,STR,stroll,Racing Point,f596c8,racing_point,Lance,Stroll,Lance Stroll,https://www.formula1.com/content/dam/fom-website/drivers/L/LANSTR01_Lance_Stroll/lanstr01.png,,16.0,,,0 days 00:01:18.065000,,,,,,Mexican Grand Prix
20,K MAGNUSSEN,MAG,kevin_magnussen,Haas F1 Team,bd9e57,haas,Kevin,Magnussen,Kevin Magnussen,https://www.formula1.com/content/dam/fom-website/drivers/K/KEVMAG01_Kevin_Magnussen/kevmag01.png,,17.0,,,0 days 00:01:18.436000,,,,,,Mexican Grand Prix
8,R GROSJEAN,GRO,grosjean,Haas F1 Team,bd9e57,haas,Romain,Grosjean,Romain Grosjean,https://www.formula1.com/content/dam/fom-website/drivers/R/ROMGRO01_Romain_Grosjean/romgro01.png,,18.0,,,0 days 00:01:18.599000,,,,,,Mexican Grand Prix
63,G RUSSELL,RUS,russell,Williams,ffffff,williams,George,Russell,George Russell,https://www.formula1.com/content/dam/fom-website/drivers/G/GEORUS01_George_Russell/georus01.png,,19.0,,,0 days 00:01:18.823000,,,,,,Mexican Grand Prix
88,R KUBICA,KUB,kubica,Williams,ffffff,williams,Robert,Kubica,Robert Kubica,https://www.formula1.com/content/dam/fom-website/drivers/R/ROBKUB01_Robert_Kubica/robkub01.png,,20.0,,,0 days 00:01:20.179000,,,,,,Mexican Grand Prix
77,V BOTTAS,BOT,bottas,Mercedes,00d2be,mercedes,Valtteri,Bottas,Valtteri Bottas,https://www.formula1.com/content/dam/fom-website/drivers/V/VALBOT01_Valtteri_Bottas/valbot01.png,,1.0,,,0 days 00:01:33.750000,0 days 00:01:33.160000,0 days 00:01:32.029000,,,,United States Grand Prix
5,S VETTEL,VET,vettel,Ferrari,dc0000,ferrari,Sebastian,Vettel,Sebastian Vettel,https://www.formula1.com/content/dam/fom-website/drivers/S/SEBVET01_Sebastian_Vettel/sebvet01.png,,2.0,,,0 days 00:01:33.766000,0 days 00:01:33.782000,0 days 00:01:32.041000,,,,United States Grand Prix
33,M VERSTAPPEN,VER,max_verstappen,Red Bull Racing,1e41ff,red_bull,Max,Verstappen,Max Verstappen,https://www.formula1.com/content/dam/fom-website/drivers/M/MAXVER01_Max_Verstappen/maxver01.png,,3.0,,,0 days 00:01:33.549000,0 days 00:01:33.120000,0 days 00:01:32.096000,,,,United States Grand Prix
16,C LECLERC,LEC,leclerc,Ferrari,dc0000,ferrari,Charles,Leclerc,Charles Leclerc,https://www.formula1.com/content/dam/fom-website/drivers/C/CHALEC01_Charles_Leclerc/chalec01.png,,4.0,,,0 days 00:01:33.988000,0 days 00:01:32.760000,0 days 00:01:32.137000,,,,United States Grand Prix
44,L HAMILTON,HAM,hamilton,Mercedes,00d2be,mercedes,Lewis,Hamilton,Lewis Hamilton,https://www.formula1.com/content/dam/fom-website/drivers/L/LEWHAM01_Lewis_Hamilton/lewham01.png,,5.0,,,0 days 00:01:33.454000,0 days 00:01:33.045000,0 days 00:01:32.321000,,,,United States Grand Prix
23,A ALBON,ALB,albon,Red Bull Racing,1e41ff,red_bull,Alexander,Albon,Alexander Albon,https://www.formula1.com/content/dam/fom-website/drivers/A/ALEALB01_Alexander_Albon/alealb01.png,,6.0,,,0 days 00:01:33.984000,0 days 00:01:32.898000,0 days 00:01:32.548000,,,,United States Grand Prix
55,C SAINZ,SAI,sainz,McLaren,ff8700,mclaren,Carlos,Sainz,Carlos Sainz,https://www.formula1.com/content/dam/fom-website/drivers/C/CARSAI01_Carlos_Sainz/carsai01.png,,7.0,,,0 days 00:01:33.916000,0 days 00:01:33.422000,0 days 00:01:32.847000,,,,United States Grand Prix
4,L NORRIS,NOR,norris,McLaren,ff8700,mclaren,Lando,Norris,Lando Norris,https://www.formula1.com/content/dam/fom-website/drivers/L/LANNOR01_Lando_Norris/lannor01.png,,8.0,,,0 days 00:01:33.353000,0 days 00:01:33.316000,0 days 00:01:33.175000,,,,United States Grand Prix
3,D RICCIARDO,RIC,ricciardo,Renault,fff500,renault,Daniel,Ricciardo,Daniel Ricciardo,https://www.formula1.com/content/dam/fom-website/drivers/D/DANRIC01_Daniel_Ricciardo/danric01.png,,9.0,,,0 days 00:01:33.835000,0 days 00:01:33.608000,0 days 00:01:33.488000,,,,United States Grand Prix
10,P GASLY,GAS,gasly,Toro Rosso,469bff,toro_rosso,Pierre,Gasly,Pierre Gasly,https://www.formula1.com/content/dam/fom-website/drivers/P/PIEGAS01_Pierre_Gasly/piegas01.png,,10.0,,,0 days 00:01:33.556000,0 days 00:01:33.715000,0 days 00:01:33.601000,,,,United States Grand Prix
27,N HULKENBERG,HUL,hulkenberg,Renault,fff500,renault,Nico,Hulkenberg,Nico Hulkenberg,https://www.formula1.com/content/dam/fom-website/drivers/N/NICHUL01_Nico_Hulkenberg/nichul01.png,,11.0,,,0 days 00:01:34.092000,0 days 00:01:33.815000,,,,,United States Grand Prix
20,K MAGNUSSEN,MAG,kevin_magnussen,Haas F1 Team,bd9e57,haas,Kevin,Magnussen,Kevin Magnussen,https://www.formula1.com/content/dam/fom-website/drivers/K/KEVMAG01_Kevin_Magnussen/kevmag01.png,,12.0,,,0 days 00:01:33.812000,0 days 00:01:33.979000,,,,,United States Grand Prix
26,D KVYAT,KVY,kvyat,Toro Rosso,469bff,toro_rosso,Daniil,Kvyat,Daniil Kvyat,https://www.formula1.com/content/dam/fom-website/drivers/D/DANKVY01_Daniil_Kvyat/dankvy01.png,,13.0,,,0 days 00:01:34.138000,0 days 00:01:33.989000,,,,,United States Grand Prix
18,L STROLL,STR,stroll,Racing Point,f596c8,racing_point,Lance,Stroll,Lance Stroll,https://www.formula1.com/content/dam/fom-website/drivers/L/LANSTR01_Lance_Stroll/lanstr01.png,,14.0,,,0 days 00:01:33.921000,0 days 00:01:34.100000,,,,,United States Grand Prix
8,R GROSJEAN,GRO,grosjean,Haas F1 Team,bd9e57,haas,Romain,Grosjean,Romain Grosjean,https://www.formula1.com/content/dam/fom-website/drivers/R/ROMGRO01_Romain_Grosjean/romgro01.png,,15.0,,,0 days 00:01:34.161000,0 days 00:01:34.158000,,,,,United States Grand Prix
99,A GIOVINAZZI,GIO,giovinazzi,Alfa Romeo Racing,9b0000,alfa,Antonio,Giovinazzi,Antonio Giovinazzi,https://www.formula1.com/content/dam/fom-website/drivers/A/ANTGIO01_Antonio_Giovinazzi/antgio01.png,,16.0,,,0 days 00:01:34.226000,,,,,,United States Grand Prix
7,K RAIKKONEN,RAI,raikkonen,Alfa Romeo Racing,9b0000,alfa,Kimi,Räikkönen,Kimi Räikkönen,https://www.formula1.com/content/dam/fom-website/drivers/K/KIMRAI01_Kimi_R%C3%A4ikk%C3%B6nen/kimrai01.png,,17.0,,,0 days 00:01:34.369000,,,,,,United States Grand Prix
63,G RUSSELL,RUS,russell,Williams,ffffff,williams,George,Russell,George Russell,https://www.formula1.com/content/dam/fom-website/drivers/G/GEORUS01_George_Russell/georus01.png,,18.0,,,0 days 00:01:35.372000,,,,,,United States Grand Prix
11,S PEREZ,PER,perez,Racing Point,f596c8,racing_point,Sergio,Perez,Sergio Perez,https://www.formula1.com/content/dam/fom-website/drivers/S/SERPER01_Sergio_Perez/serper01.png,,19.0,,,0 days 00:01:35.808000,,,,,,United States Grand Prix
88,R KUBICA,KUB,kubica,Williams,ffffff,williams,Robert,Kubica,Robert Kubica,https://www.formula1.com/content/dam/fom-website/drivers/R/ROBKUB01_Robert_Kubica/robkub01.png,,20.0,,,0 days 00:01:35.889000,,,,,,United States Grand Prix
33,M VERSTAPPEN,VER,max_verstappen,Red Bull Racing,1e41ff,red_bull,Max,Verstappen,Max Verstappen,None,,1.0,,,0 days 00:01:08.242000,0 days 00:01:07.503000,0 days 00:01:07.508000,,,,Brazilian Grand Prix
5,S VETTEL,VET,vettel,Ferrari,dc0000,ferrari,Sebastian,Vettel,Sebastian Vettel,None,,2.0,,,0 days 00:01:08.556000,0 days 00:01:08.050000,0 days 00:01:07.631000,,,,Brazilian Grand Prix
44,L HAMILTON,HAM,hamilton,Mercedes,00d2be,mercedes,Lewis,Hamilton,Lewis Hamilton,None,,3.0,,,0 days 00:01:08.614000,0 days 00:01:08.088000,0 days 00:01:07.699000,,,,Brazilian Grand Prix
16,C LECLERC,LEC,leclerc,Ferrari,dc0000,ferrari,Charles,Leclerc,Charles Leclerc,None,,4.0,,,0 days 00:01:08.496000,0 days 00:01:07.888000,0 days 00:01:07.728000,,,,Brazilian Grand Prix
77,V BOTTAS,BOT,bottas,Mercedes,00d2be,mercedes,Valtteri,Bottas,Valtteri Bottas,None,,5.0,,,0 days 00:01:08.545000,0 days 00:01:08.232000,0 days 00:01:07.874000,,,,Brazilian Grand Prix
23,A ALBON,ALB,albon,Red Bull Racing,1e41ff,red_bull,Alexander,Albon,Alexander Albon,None,,6.0,,,0 days 00:01:08.503000,0 days 00:01:08.117000,0 days 00:01:07.935000,,,,Brazilian Grand Prix
10,P GASLY,GAS,gasly,Toro Rosso,469bff,toro_rosso,Pierre,Gasly,Pierre Gasly,None,,7.0,,,0 days 00:01:08.909000,0 days 00:01:08.770000,0 days 00:01:08.837000,,,,Brazilian Grand Prix
8,R GROSJEAN,GRO,grosjean,Haas F1 Team,bd9e57,haas,Romain,Grosjean,Romain Grosjean,None,,8.0,,,0 days 00:01:09.197000,0 days 00:01:08.705000,0 days 00:01:08.854000,,,,Brazilian Grand Prix
7,K RAIKKONEN,RAI,raikkonen,Alfa Romeo Racing,9b0000,alfa,Kimi,Räikkönen,Kimi Räikkönen,None,,9.0,,,0 days 00:01:09.276000,0 days 00:01:08.858000,0 days 00:01:08.984000,,,,Brazilian Grand Prix
20,K MAGNUSSEN,MAG,kevin_magnussen,Haas F1 Team,bd9e57,haas,Kevin,Magnussen,Kevin Magnussen,None,,10.0,,,0 days 00:01:08.875000,0 days 00:01:08.803000,0 days 00:01:09.037000,,,,Brazilian Grand Prix
4,L NORRIS,NOR,norris,McLaren,ff8700,mclaren,Lando,Norris,Lando Norris,None,,11.0,,,0 days 00:01:08.891000,0 days 00:01:08.868000,,,,,Brazilian Grand Prix
3,D RICCIARDO,RIC,ricciardo,Renault,fff500,renault,Daniel,Ricciardo,Daniel Ricciardo,None,,12.0,,,0 days 00:01:09.086000,0 days 00:01:08.903000,,,,,Brazilian Grand Prix
99,A GIOVINAZZI,GIO,giovinazzi,Alfa Romeo Racing,9b0000,alfa,Antonio,Giovinazzi,Antonio Giovinazzi,None,,13.0,,,0 days 00:01:09.175000,0 days 00:01:08.919000,,,,,Brazilian Grand Prix
27,N HULKENBERG,HUL,hulkenberg,Renault,fff500,renault,Nico,Hulkenberg,Nico Hulkenberg,None,,14.0,,,0 days 00:01:09.050000,0 days 00:01:08.921000,,,,,Brazilian Grand Prix
11,S PEREZ,PER,perez,Racing Point,f596c8,racing_point,Sergio,Perez,Sergio Perez,None,,15.0,,,0 days 00:01:09.288000,0 days 00:01:09.035000,,,,,Brazilian Grand Prix
26,D KVYAT,KVY,kvyat,Toro Rosso,469bff,toro_rosso,Daniil,Kvyat,Daniil Kvyat,None,,16.0,,,0 days 00:01:09.320000,,,,,,Brazilian Grand Prix
18,L STROLL,STR,stroll,Racing Point,f596c8,racing_point,Lance,Stroll,Lance Stroll,None,,17.0,,,0 days 00:01:09.536000,,,,,,Brazilian Grand Prix
63,G RUSSELL,RUS,russell,Williams,ffffff,williams,George,Russell,George Russell,https://www.formula1.com/content/dam/fom-website/drivers/G/GEORUS01_George_Russell/georus01.png.transform/1col/image.png,,18.0,,,0 days 00:01:10.126000,,,,,,Brazilian Grand Prix
88,R KUBICA,KUB,kubica,Williams,ffffff,williams,Robert,Kubica,Robert Kubica,https://www.formula1.com/content/dam/fom-website/drivers/R/ROBKUB01_Robert_Kubica/robkub01.png.transform/1col/image.png,,19.0,,,0 days 00:01:10.614000,,,,,,Brazilian Grand Prix
55,C SAINZ,SAI,sainz,McLaren,ff8700,mclaren,Carlos,Sainz,Carlos Sainz,None,,20.0,,,,,,,,,Brazilian Grand Prix
33,M VERSTAPPEN,VER,,Red Bull Racing,1e41ff,,Max,Verstappen,Max Verstappen,https://www.formula1.com/content/dam/fom-website/drivers/M/MAXVER01_Max_Verstappen/maxver01.png.transform/1col/image.png,,,,,,,,,,,Abu Dhabi Grand Prix
44,L HAMILTON,HAM,,Mercedes,00d2be,,Lewis,Hamilton,Lewis Hamilton,https://www.formula1.com/content/dam/fom-website/drivers/L/LEWHAM01_Lewis_Hamilton/lewham01.png.transform/1col/image.png,,,,,,,,,,,Abu Dhabi Grand Prix
77,V BOTTAS,BOT,,Mercedes,00d2be,,Valtteri,Bottas,Valtteri Bottas,https://www.formula1.com/content/dam/fom-website/drivers/V/VALBOT01_Valtteri_Bottas/valbot01.png.transform/1col/image.png,,,,,,,,,,,Abu Dhabi Grand Prix
23,A ALBON,ALB,,Red Bull Racing,1e41ff,,Alexander,Albon,Alexander Albon,https://www.formula1.com/content/dam/fom-website/drivers/A/ALEALB01_Alexander_Albon/alealb01.png.transform/1col/image.png,,,,,,,,,,,Abu Dhabi Grand Prix
5,S VETTEL,VET,,Ferrari,dc0000,,Sebastian,Vettel,Sebastian Vettel,https://www.formula1.com/content/dam/fom-website/drivers/S/SEBVET01_Sebastian_Vettel/sebvet01.png.transform/1col/image.png,,,,,,,,,,,Abu Dhabi Grand Prix
16,C LECLERC,LEC,,Ferrari,dc0000,,Charles,Leclerc,Charles Leclerc,https://www.formula1.com/content/dam/fom-website/drivers/C/CHALEC01_Charles_Leclerc/chalec01.png.transform/1col/image.png,,,,,,,,,,,Abu Dhabi Grand Prix
11,S PEREZ,PER,,Racing Point,f596c8,,Sergio,Perez,Sergio Perez,https://www.formula1.com/content/dam/fom-website/drivers/S/SERPER01_Sergio_Perez/serper01.png.transform/1col/image.png,,,,,,,,,,,Abu Dhabi Grand Prix
3,D RICCIARDO,RIC,,Renault,fff500,,Daniel,Ricciardo,Daniel Ricciardo,https://www.formula1.com/content/dam/fom-website/drivers/D/DANRIC01_Daniel_Ricciardo/danric01.png.transform/1col/image.png,,,,,,,,,,,Abu Dhabi Grand Prix
55,C SAINZ,SAI,,McLaren,ff8700,,Carlos,Sainz,Carlos Sainz,https://www.formula1.com/content/dam/fom-website/drivers/C/CARSAI01_Carlos_Sainz/carsai01.png.transform/1col/image.png,,,,,,,,,,,Abu Dhabi Grand Prix
10,P GASLY,GAS,,Toro Rosso,469bff,,Pierre,Gasly,Pierre Gasly,https://www.formula1.com/content/dam/fom-website/drivers/P/PIEGAS01_Pierre_Gasly/piegas01.png.transform/1col/image.png,,,,,,,,,,,Abu Dhabi Grand Prix
8,R GROSJEAN,GRO,,Haas F1 Team,bd9e57,,Romain,Grosjean,Romain Grosjean,https://www.formula1.com/content/dam/fom-website/drivers/R/ROMGRO01_Romain_Grosjean/romgro01.png.transform/1col/image.png,,,,,,,,,,,Abu Dhabi Grand Prix
26,D KVYAT,KVY,,Toro Rosso,469bff,,Daniil,Kvyat,Daniil Kvyat,https://www.formula1.com/content/dam/fom-website/drivers/D/DANKVY01_Daniil_Kvyat/dankvy01.png.transform/1col/image.png,,,,,,,,,,,Abu Dhabi Grand Prix
4,L NORRIS,NOR,,McLaren,ff8700,,Lando,Norris,Lando Norris,https://www.formula1.com/content/dam/fom-website/drivers/L/LANNOR01_Lando_Norris/lannor01.png.transform/1col/image.png,,,,,,,,,,,Abu Dhabi Grand Prix
20,K MAGNUSSEN,MAG,,Haas F1 Team,bd9e57,,Kevin,Magnussen,Kevin Magnussen,https://www.formula1.com/content/dam/fom-website/drivers/K/KEVMAG01_Kevin_Magnussen/kevmag01.png.transform/1col/image.png,,,,,,,,,,,Abu Dhabi Grand Prix
18,L STROLL,STR,,Racing Point,f596c8,,Lance,Stroll,Lance Stroll,https://www.formula1.com/content/dam/fom-website/drivers/L/LANSTR01_Lance_Stroll/lanstr01.png.transform/1col/image.png,,,,,,,,,,,Abu Dhabi Grand Prix
7,K RAIKKONEN,RAI,,Alfa Romeo Racing,9b0000,,Kimi,Räikkönen,Kimi Räikkönen,https://www.formula1.com/content/dam/fom-website/drivers/K/KIMRAI01_Kimi_R%C3%A4ikk%C3%B6nen/kimrai01.png.transform/1col/image.png,,,,,,,,,,,Abu Dhabi Grand Prix
27,N HULKENBERG,HUL,,Renault,fff500,,Nico,Hulkenberg,Nico Hulkenberg,https://www.formula1.com/content/dam/fom-website/drivers/N/NICHUL01_Nico_Hulkenberg/nichul01.png.transform/1col/image.png,,,,,,,,,,,Abu Dhabi Grand Prix
99,A GIOVINAZZI,GIO,,Alfa Romeo Racing,9b0000,,Antonio,Giovinazzi,Antonio Giovinazzi,https://www.formula1.com/content/dam/fom-website/drivers/A/ANTGIO01_Antonio_Giovinazzi/antgio01.png.transform/1col/image.png,,,,,,,,,,,Abu Dhabi Grand Prix
63,G RUSSELL,RUS,,Williams,ffffff,,George,Russell,George Russell,https://www.formula1.com/content/dam/fom-website/drivers/G/GEORUS01_George_Russell/georus01.png.transform/1col/image.png,,,,,,,,,,,Abu Dhabi Grand Prix
88,R KUBICA,KUB,,Williams,ffffff,,Robert,Kubica,Robert Kubica,https://www.formula1.com/content/dam/fom-website/drivers/R/ROBKUB01_Robert_Kubica/robkub01.png.transform/1col/image.png,,,,,,,,,,,Abu Dhabi Grand Prix
